episode,reward,eval_mean,eval_std,policy_loss,value_loss,entropy
0,-1.4967750000000002,-3.817257500000001,0.6043387988951271,-0.0015749272424727678,43.025638818740845,0.38103065732866526
1,-3.5167875,nan,nan,-0.0179904717952013,23.278674840927124,0.45673246309161186
2,-6.1040875,nan,nan,0.016940797911956906,8.937312692403793,0.7725831046700478
3,-6.111587500000001,nan,nan,0.07030030875466764,11.465503454208374,1.1194730624556541
4,-12.102287500000001,nan,nan,-0.002098968718200922,13.643943309783936,1.4993637204170227
5,-7.810012500000001,nan,nan,0.05140771507285535,8.712214291095734,1.099393144249916
6,-8.7145375,nan,nan,0.03827014262787998,9.513712048530579,0.7898002117872238
7,-4.914375000000001,nan,nan,-0.02223452879115939,6.866635352373123,0.6161265522241592
8,-2.702,nan,nan,0.008665523724630475,6.525071084499359,0.4478553235530853
9,-7.3114125,nan,nan,0.0203139903023839,7.6882180869579315,0.5569547452032566
10,-7.1110875,nan,nan,-0.007489219424314797,6.783039391040802,0.3084272686392069
11,-3.4970875,nan,nan,-0.003234711941331625,5.873977929353714,0.19095636904239655
12,-3.4045875000000003,nan,nan,0.02240586990956217,5.112253412604332,0.34587174840271473
13,-2.9070875,nan,nan,0.001304709818214178,5.35881932079792,0.06320715695619583
14,-3.0040125,nan,nan,0.021720726508647203,4.982936754822731,0.05535580450668931
15,-3.1045875,nan,nan,0.01335498911794275,4.763972878456116,0.12418814655393362
16,-3.519275,nan,nan,-0.011298611760139465,4.531168043613434,0.33040109276771545
17,-3.2194625,nan,nan,0.0075188432820141315,4.470023304224014,0.3266125060617924
18,-3.121125,nan,nan,-0.0008261348120868206,4.547542318701744,0.14848604146391153
19,-2.7086875,nan,nan,-0.02109755016863346,4.747578054666519,0.2558681257069111
20,-4.533825,-7.77066250000002,0.5991660652002073,0.06118794996291399,4.232698991894722,0.8991500586271286
21,-6.645575000000001,nan,nan,-0.016271706204861403,3.6987430453300476,0.9975759759545326
22,-3.516025,nan,nan,0.02567517152056098,4.094434157013893,0.3171151392161846
23,-2.4964125,nan,nan,0.04143480584025383,4.591880634427071,0.09257095400243998
24,-1.3012000000000001,nan,nan,-0.006757455412298441,4.166864439845085,0.164692560210824
25,-4.4992,nan,nan,0.0108979856595397,3.980017587542534,0.10764453979209065
26,-2.5010875,nan,nan,0.010510139167308807,4.010626420378685,0.11194194201380014
27,-3.5071625,nan,nan,-0.042124659987166524,4.13489143550396,0.1276625171303749
28,-2.8971375,nan,nan,-0.018650745507329702,4.136887490749359,0.18243674654513597
29,-4.907025,nan,nan,0.04780257819220424,3.250330552458763,0.48316819220781326
30,-3.7073,nan,nan,0.07880847784690559,3.3323968276381493,0.2616572417318821
31,-2.904275,nan,nan,0.01367186731658876,3.797370031476021,0.22148597333580256
32,-3.8927250000000004,nan,nan,0.01697499956935644,2.761428155004978,0.40577244386076927
33,-2.4008125000000002,nan,nan,0.009239277336746454,3.4139652103185654,0.04816791182383895
34,-1.6917625,nan,nan,-0.033484098967164755,3.642991602420807,0.000653661815704254
35,-3.5112875000000003,nan,nan,-0.023479276336729527,3.296436794102192,0.00240923459023179
36,-1.9067,nan,nan,0.010744546772912145,3.3900084868073463,0.00015350088415289065
37,-2.2940125,nan,nan,0.008253676816821098,3.4368621334433556,0.00019622336549218744
38,-2.89675,nan,nan,-0.03462018631398678,3.311692453920841,0.0009482389159529703
39,-1.4986375,nan,nan,-0.002727423794567585,3.456532970070839,0.00027400554245105013
40,-3.3016,-2.115654999999999,0.13280622128688066,-0.020031409803777933,3.2900948598980904,0.0013370267770369537
41,-2.2913125,nan,nan,0.007027263753116131,3.3208268135786057,0.0023948772286530584
42,-2.60215,nan,nan,-0.0028410027734935284,3.3060934767127037,0.00420310438494198
43,-2.4944,nan,nan,-0.028915581293404102,3.511879488825798,0.018998181098140776
44,-1.9966875000000002,nan,nan,-0.029051751364022493,3.376286454498768,0.05163989216089249
45,-3.7048125,nan,nan,0.03466996341012418,3.331207685172558,0.013247022008727072
46,-2.4960375,nan,nan,0.0014302907511591911,3.409065403044224,0.000866977158921145
47,-3.5108125,nan,nan,-0.015066704479977489,3.056084394454956,0.0031263224345821072
48,-2.299,nan,nan,0.007517029996961355,3.2760609462857246,0.0003484012404442183
49,-3.3017625,nan,nan,0.004103451850824058,3.2949560955166817,0.0007444758302881382
50,-2.3082625,nan,nan,0.009518296224996448,3.171584464609623,5.864084755557997e-05
51,-1.6913125,nan,nan,0.040272827725857496,3.2904464192688465,0.0023505287615535053
52,-2.4992875000000003,nan,nan,0.004972090013325214,3.5454759001731873,8.216605374400388e-05
53,-2.9992625,nan,nan,0.03245994378812611,3.141685515642166,0.0008928667321015382
54,-1.902225,nan,nan,-0.007867020322009921,3.1749454103410244,0.0013005784705910628
55,-1.3965750000000001,nan,nan,-0.024604180362075567,3.3127383813261986,0.0033873800605306315
56,-2.3034250000000003,nan,nan,0.00023682205937802792,3.032560922205448,0.004573344444224858
57,-1.4994625000000001,nan,nan,0.03832765202969313,3.1386626176536083,0.00012866862289229175
58,-2.7058375000000003,nan,nan,-0.02745071705430746,3.100257359445095,0.0010390040542915813
59,-1.7008500000000002,nan,nan,-0.014899380621500313,3.324578270316124,0.00021253434488244238
60,-1.7040000000000002,-2.5203549999999986,0.7802526200132237,-0.015347724547609687,3.345389846712351,0.00023451856304745888
61,-2.29935,nan,nan,-0.009046284016221762,3.0676114335656166,0.002787394941151433
62,-2.3041875000000003,nan,nan,0.0004952708259224892,3.1925933472812176,0.0002599491049295466
63,-2.0940875,nan,nan,0.029294469859451056,3.1803168542683125,0.00038713828507752623
64,-2.0940250000000002,nan,nan,0.007510578725486994,3.2896267659962177,0.00026959497336065397
65,-1.6014,nan,nan,-0.01043229317292571,3.1204765774309635,0.0009900796230795095
66,-2.494825,nan,nan,-0.019619151949882507,3.1552785858511925,0.0003193885395376128
67,-3.0050125000000003,nan,nan,0.0053343846229836345,3.1314576491713524,0.0003899578186974395
68,-1.3992625,nan,nan,0.014989845687523484,3.2186290435492992,0.000540842292139132
69,-3.1022375,nan,nan,0.007089784136041999,3.224647767841816,0.0010613367030600784
70,-2.40455,nan,nan,-0.008175069582648575,3.1116588599979877,0.0026711554355642875
71,-1.89945,nan,nan,-0.0022338381968438625,3.211372897028923,0.0005378177520469762
72,-1.291325,nan,nan,-0.022140439366921782,2.0917924866080284,0.0006853158101876033
73,-2.6964125,nan,nan,0.009131178259849548,1.2898968905210495,0.004744802618006361
74,-2.902075,nan,nan,0.003441515378654003,1.3924387507140636,0.0002929926668002736
75,-2.489275,nan,nan,0.0004938156343996525,6.262123718857765,0.0009408514733877382
76,-1.8946500000000002,nan,nan,0.012117354664951563,1.043392650783062,0.00019382488790142816
77,-2.6993,nan,nan,0.021397061995230615,6.285713709890842,0.0001455787273698661
78,-3.0967125,nan,nan,0.0053673963993787766,1.0473309066146612,0.0014261737997003365
79,-1.6990875,nan,nan,5.146302282810211e-05,0.9626432713121176,0.0012629598195417202
80,-2.49945,-2.4738349999999985,0.3477608831330805,0.0006386470049619675,5.3949262127280235,0.0038603404077548475
81,-1.9041000000000001,nan,nan,0.0075511077884584665,0.9398289658129215,0.00018338642166781938
82,-3.3016,nan,nan,-0.04043150367215276,5.476778145879507,0.000897300986252958
83,-2.2973375000000003,nan,nan,0.011774695944041014,0.9874662570655346,0.0001464175938963308
84,-2.1018625,nan,nan,0.012511361856013536,0.8792310915887356,0.002075316296213714
85,-3.093525,nan,nan,-0.01804187847301364,5.019592270255089,0.0041938223967008526
86,-2.7966625,nan,nan,-0.009244789835065603,0.9603127539157867,0.03504026937298477
87,-1.6943875000000002,nan,nan,-0.03104379866272211,4.742500664666295,0.0021161589429539163
88,-2.104075,nan,nan,0.009148338343948126,1.3785795345902443,0.0011709847785823513
89,-2.7138875000000002,nan,nan,-0.025804693577811122,4.754865750670433,0.0038989586882962612
90,-1.0937125,nan,nan,-0.00792716583237052,1.0235409755259752,0.0011725736367225181
91,-2.001525,nan,nan,-0.014777978882193565,4.742891144007444,0.00018174693650507834
92,-2.50455,nan,nan,-0.015790898585692048,0.9832960665225983,0.0002158338829758577
93,-1.7038000000000002,nan,nan,-0.00910266232676804,4.358359714969993,0.0017272368422709405
94,-2.4981750000000003,nan,nan,-0.0003300374373793602,1.0212192833423615,0.00025277196345996344
95,-2.7020750000000002,nan,nan,0.010283713694661856,0.9611681196838617,0.00021575732353085186
96,-1.4940875,nan,nan,-0.012763859704136848,0.7687390428036451,0.0015691061398683814
97,-0.8915000000000001,nan,nan,-0.009546426590532064,4.801731903105974,0.00024917081827879883
98,-1.7964875,nan,nan,-0.026884001912549138,0.8387446179986,0.001262205636521685
99,-1.8961125,nan,nan,0.01422143797390163,4.641276348382235,0.001122475994634442
100,-2.096225,-2.1556924999999985,0.48969629316291546,-0.005288839165586978,0.8621421447023749,0.0003301738379377639
101,-1.0987250000000002,nan,nan,-0.0034795738756656647,4.275102345272899,0.0003178519291395787
102,-2.096975,nan,nan,-0.020363810937851667,0.8542895633727312,0.00040370850183535367
103,-3.0068625,nan,nan,0.000828123651444912,4.667882177978754,0.0014485185347439256
104,-2.9035625,nan,nan,0.011176885105669498,0.9545046016573906,0.00040978491597343236
105,-3.11215,nan,nan,-0.04379133437760174,0.8865915313363075,0.002236255966636236
106,-1.6965125,nan,nan,0.010664292378351092,4.594896446913481,0.0003627554469858296
107,-2.2946500000000003,nan,nan,0.007858605589717627,0.9387786239385605,0.0015924145227472764
108,-1.7016,nan,nan,0.013990895124152303,4.298220552504063,0.00039997171370487195
109,-2.6917875,nan,nan,-0.004304290981963277,0.954280273988843,0.002617892976559233
110,-2.0939125,nan,nan,0.013230487238615751,0.8071876335889101,0.005997873508022167
111,-2.6988250000000003,nan,nan,0.0021542301401495934,4.714850125834346,0.027965711371507496
112,-2.0991750000000002,nan,nan,-0.029711207142099738,1.0385000240057707,0.018054857733659446
113,-3.102525,nan,nan,0.001494155963882804,4.0884541645646095,0.009239913895726204
114,-1.8965875,nan,nan,0.004855218343436718,0.9418229423463345,0.011895307339727879
115,-2.4990125,nan,nan,0.00952564156614244,3.9134048596024513,0.013625496532768011
116,-2.69105,nan,nan,0.0026028947904706,0.8967305235564709,0.014904249634128064
117,-2.2986875,nan,nan,0.002778030000627041,3.6450407691299915,0.04578384384512901
118,-1.89965,nan,nan,0.0046374325174838305,0.9245264455676079,0.004675269272411242
119,-1.6935375000000001,nan,nan,-0.002710594329982996,3.651671888306737,0.0055625401582801715
120,-2.3040875,-2.321332499999998,0.27177951824502894,-0.014759353827685118,0.8937351033091545,0.006651765768765472
121,-2.7039125,nan,nan,0.017593923024833202,3.8008758649230003,0.00410834483045619
122,-2.5019625000000003,nan,nan,-0.005196414887905121,0.9817820638418198,0.019781486713327467
123,-3.8922250000000003,nan,nan,0.26740229316055775,2.116116803139448,0.6249659806489944
124,-8.652925,nan,nan,0.13694891100749373,0.16939698066562414,1.4131772220134735
125,-6.9776625,nan,nan,0.057578243082389235,0.069900575093925,0.540994718670845
126,-5.5626375,nan,nan,-0.026224484434351325,0.10788117628544569,0.5631285570561886
127,-4.6135,nan,nan,0.03888459037989378,0.14785300102084875,0.17175381537526846
128,-2.3970125,nan,nan,0.007731050718575716,0.6009672479704022,0.05177532439120114
129,-1.9847750000000002,nan,nan,0.012210448272526264,0.5422493172809482,0.0158942328998819
130,-2.5926500000000003,nan,nan,-0.011877258773893118,0.5457721054553986,0.02693946845829487
131,-2.8020875000000003,nan,nan,-0.029689806513488293,0.49007490277290344,0.030239287298172712
132,-3.4973875000000003,nan,nan,0.021270004101097584,0.49637395422905684,0.028403050731867552
133,-1.9945125000000001,nan,nan,0.0018154110293835402,0.5176627514883876,0.020464728819206357
134,-2.3944125,nan,nan,0.037291401997208595,0.5556160323321819,0.020593984052538872
135,-1.9871,nan,nan,0.03392596042249352,0.5600139182060957,0.03805643692612648
136,-3.0027250000000003,nan,nan,-0.02282352326437831,0.523607088252902,0.044759288895875216
137,-2.792025,nan,nan,0.005209785886108875,0.546135937795043,0.04422257235273719
138,-1.9974625000000001,nan,nan,-0.03164139576256275,0.5400754250586033,0.03354820027016103
139,-3.0040500000000003,nan,nan,0.02324356185272336,0.4591969298198819,0.021083821775391698
140,-2.7750625,-2.5281825000000024,0.8025416690350139,-0.0010110766161233187,0.5047005470842123,0.01865710224956274
141,-2.3992125000000004,nan,nan,-0.03259783214889467,0.4867263063788414,0.013220753869973123
142,-2.0953250000000003,nan,nan,-0.006237639579921961,0.501309528015554,0.013631086214445531
143,-2.7943125,nan,nan,0.009470020420849323,0.5235798079520464,0.011837832280434668
144,-2.3973625000000003,nan,nan,0.0017779539339244366,0.4792146282270551,0.008830173639580607
145,-1.1868125,nan,nan,-0.023741900804452598,0.289795107441023,0.007892862486187369
146,-2.3867375,nan,nan,0.008118609432131052,0.24470126908272505,0.016571205225773156
147,-2.189325,nan,nan,0.015580237843096256,0.2151838424615562,0.016452621086500585
148,-0.9847750000000001,nan,nan,-0.03104728553444147,0.4961069063283503,0.026010268600657582
149,-2.3873875,nan,nan,-0.014004041440784931,0.15012493822723627,0.011251538409851491
150,-2.079225,nan,nan,0.01851067692041397,0.6067405685316771,0.004616279678884894
151,-2.1919,nan,nan,0.03196273557841778,0.4724575967993587,0.003530996444169432
152,-2.1921000000000004,nan,nan,0.0007134317420423031,0.5105439911130816,0.003191830503055826
153,-2.2970125,nan,nan,-0.02265941584482789,0.13855671510100365,0.003092022321652621
154,-2.5876625,nan,nan,-0.00295007525710389,0.2982195799704641,0.0032677115232218057
155,-2.7925750000000003,nan,nan,0.010792130138725042,0.38381347712129354,0.0032094886410050094
156,-1.591625,nan,nan,0.01142812892794609,0.3462909488007426,0.0033356554922647774
157,-1.7894250000000003,nan,nan,-0.04382984968833625,0.3620349168777466,0.003806361317401752
158,-1.986525,nan,nan,0.02651063445955515,0.37909263651818037,0.004324518493376672
159,-1.7891375,nan,nan,-0.005991386482492089,0.3628899697214365,0.005067155056167394
160,-2.8926625,-2.529792500000002,0.5739022931105113,0.03194810659624636,0.43581913597881794,0.005823488056194037
161,-1.5895000000000001,nan,nan,-0.009881929028779268,0.35375060606747866,0.0055582355707883835
162,-2.7899875,nan,nan,0.008025612216442823,0.4350235271267593,0.002577985360403545
163,-2.80275,nan,nan,0.01909680012613535,0.38315200712531805,0.001962515583727509
164,-2.9973875000000003,nan,nan,0.0183483948931098,0.4223749181255698,0.001924581389175728
165,-2.3915375,nan,nan,-0.009717276552692056,0.3800236154347658,0.001983406546059996
166,-2.4820125,nan,nan,-0.015749753452837467,0.37472675647586584,0.002112954665790312
167,-1.7820125000000002,nan,nan,0.006660764338448644,0.3622760195285082,0.0021025034366175532
168,-1.7843250000000002,nan,nan,0.0017882860265672207,0.34972152579575777,0.0020154942176304758
169,-3.4947000000000004,nan,nan,-0.03616722137667239,0.381329623516649,0.002036869147559628
170,-2.381825,nan,nan,-0.021896904800087214,0.22128604725003242,0.0019281025597592816
171,-2.5926375000000004,nan,nan,0.012448480352759361,0.3770972918719053,0.0018282029050169513
172,-2.3944125,nan,nan,0.0011476483196020126,0.2260685870423913,0.002158316201530397
173,-1.9923875000000002,nan,nan,-0.026727682212367654,0.9465398387983441,0.002525495830923319
174,-2.599975,nan,nan,0.008111167699098587,0.22136912122368813,0.0027613693091552705
175,-3.7910125000000003,nan,nan,0.018814400769770145,0.07463445514440536,0.003331331565277651
176,-2.1898875,nan,nan,0.013991119340062141,0.16627489496022463,0.0036296726029831916
177,-2.3927500000000004,nan,nan,-0.0005607614293694496,0.8523203902877867,0.00369477181811817
178,-2.1896,nan,nan,-0.034212405793368816,0.25841985270380974,0.003802706196438521
179,-1.7921875,nan,nan,0.03970814123749733,0.7451898409053683,0.0037155906029511243
180,-2.3894125,-2.089620000000001,0.3914195680947785,0.009123014751821756,0.23366556409746408,0.003927217505406588
181,-2.1854375000000004,nan,nan,-0.03869958221912384,0.7272808363195509,0.0042715417803265154
182,-2.1970875000000003,nan,nan,0.0004525489639490843,0.19040808733552694,0.0042872229241766036
183,-4.3007375,nan,nan,-0.0020597013644874096,0.18555694911628962,0.004255889332853258
184,-3.1855,nan,nan,0.0016663894057273865,0.16937441052868962,0.004687883425503969
185,-1.5896125,nan,nan,-0.01585010066628456,0.3277113731019199,0.004063769476488233
186,-3.5952625000000005,nan,nan,0.01024628127925098,0.0823475425131619,0.0035629344056360424
187,-1.7823750000000003,nan,nan,-0.022301142336800694,0.22322711325250566,0.0034806389012373984
188,-1.9922000000000002,nan,nan,0.003156948194373399,0.36150945839472115,0.0032232663070317358
189,-1.5895875000000002,nan,nan,-0.011090369895100594,0.34833726240321994,0.0033012590429279953
190,-1.8896875000000002,nan,nan,0.004309370880946517,0.03353182540740818,0.003097962209722027
191,-2.794525,nan,nan,0.03315752814523876,0.07389081129804254,0.003000596450874582
192,-2.6020000000000003,nan,nan,0.024065192323178053,0.42061170446686447,0.0031883725605439395
193,-1.5899750000000001,nan,nan,-0.0020737219601869583,0.3621558118611574,0.003292173845693469
194,-2.3844125000000003,nan,nan,0.006966146873310208,0.33660456351935863,0.003295930480817333
195,-1.5845250000000002,nan,nan,0.010019941255450249,0.33406017860397696,0.0033223479113075882
196,-3.7996125000000003,nan,nan,0.01794719393365085,0.3996362725738436,0.0031852103711571544
197,-2.0844875000000003,nan,nan,0.024549702182412148,0.3145348019897938,0.0030219238542485982
198,-2.5922,nan,nan,-0.01565357157960534,0.3354593412950635,0.002825009636580944
199,-2.1845125000000003,nan,nan,0.006281489506363869,0.3098709676414728,0.0026717495056800544
200,-2.8872750000000003,-2.566970000000003,0.5245250243434554,0.01410804851911962,0.3585780537687242,0.0027134050033055246
201,-2.9915375,nan,nan,0.02210635901428759,0.3003841214813292,0.002713600202696398
202,-2.1913625000000003,nan,nan,-0.013621793361380696,0.3041640976443887,0.002626674249768257
203,-1.98995,nan,nan,-0.004897810984402895,0.2851614048704505,0.00280313182156533
204,-2.5969375,nan,nan,0.004944068845361471,0.3044645166955888,0.002679708326468244
205,-3.1969000000000003,nan,nan,0.003695098916068673,0.33679813088383526,0.002717522525927052
206,-3.1957000000000004,nan,nan,-0.015694777481257915,0.3232088373042643,0.001762944259098731
207,-2.49405,nan,nan,-0.01110504474490881,0.28860137052834034,0.0014568170299753547
208,-2.4890375000000002,nan,nan,0.01384373230393976,0.2804794665426016,0.001466872010496445
209,-2.4870125,nan,nan,0.00873985281214118,0.30448069842532277,0.0014337687898660079
210,-2.2848875,nan,nan,-0.011638395488262177,0.2991840965114534,0.0014527780149364844
211,-2.1002375,nan,nan,-0.012586932629346848,0.27289032423868775,0.001458610044210218
212,-1.5893125000000001,nan,nan,-0.026782051660120487,0.2586401766166091,0.0015713692409917712
213,-2.6894375000000004,nan,nan,-0.016354583203792572,0.3157433932647109,0.0015265684778569266
214,-2.5871875,nan,nan,0.010373179102316499,0.2773040684405714,0.0015733052714494988
215,-1.184325,nan,nan,-0.026377015747129917,0.2951548029668629,0.0015827122842893004
216,-3.4849250000000005,nan,nan,0.012074602534994483,0.3856197316199541,0.0014722820342285559
217,-2.1922,nan,nan,0.0056780558079481125,0.2795959240756929,0.001607521960977465
218,-1.9846000000000001,nan,nan,0.007724977331236005,0.27497518341988325,0.001620844312128611
219,-1.8893000000000002,nan,nan,0.03726149373687804,0.2635133075527847,0.0016103170346468687
220,-1.9871625000000002,-2.1770774999999993,0.350090987405418,0.014484202489256859,0.2484099082648754,0.001679430773947388
221,-2.1914625,nan,nan,-0.013072961010038853,0.2822053022682667,0.0016120447835419327
222,-1.1895875,nan,nan,-0.009641370736062527,0.2673783877398819,0.001697734638582915
223,-2.5867500000000003,nan,nan,-0.002782415132969618,0.29294813610613346,0.001733024459099397
224,-1.8898625000000002,nan,nan,-0.038390908390283585,0.2614222355186939,0.0017232023237738758
225,-2.1904250000000003,nan,nan,-0.01596973033156246,0.2608129675500095,0.001699758431641385
226,-2.5871875,nan,nan,-0.03593606688082218,0.26580656925216317,0.0017871009913505986
227,-1.7770125,nan,nan,-0.0010497034527361393,0.2597478674724698,0.001855866430560127
228,-2.389625,nan,nan,-0.015376422088593245,0.290956721175462,0.0017898431106004864
229,-1.9947750000000002,nan,nan,0.02398662711493671,0.24495712667703629,0.001843124075094238
230,-2.39895,nan,nan,0.015685892896726727,0.24664442613720894,0.0018835274677257985
231,-4.0954250000000005,nan,nan,0.0235066213645041,0.11072756629437208,0.001416063867509365
232,-2.1895125,nan,nan,-0.007069682702422142,0.039338281960226595,0.000960678698902484
233,-1.9924875000000002,nan,nan,-0.0053335316479206085,0.1446701716631651,0.0009102269978029653
234,-1.2846000000000002,nan,nan,-0.013352674897760153,0.10340083763003349,0.0010077786282636225
235,-2.1870125000000002,nan,nan,0.019227147102355957,0.10411176225170493,0.0010362382890889421
236,-1.381625,nan,nan,0.03428431903012097,0.10357187676709145,0.0009627534309402108
237,-2.799875,nan,nan,0.018663060385733843,0.13045463478192687,0.0008843172690831125
238,-2.5892500000000003,nan,nan,0.004104027757421136,0.2705862885341048,0.0008687050649314187
239,-1.4849625000000002,nan,nan,-0.013703921809792519,0.3547671418637037,0.0009079402370844036
240,-2.5926625000000003,-2.333577500000001,0.613124999765548,-0.040538454661145806,0.20484013762325048,0.0009129440149990842
241,-2.7941375,nan,nan,-0.022517710458487272,0.1446351665072143,0.0009579426914569922
242,-1.3871875,nan,nan,0.013399241724982858,0.20114323869347572,0.0010066488175652921
243,-1.5870125000000002,nan,nan,-0.013574567623436451,0.22178849717602134,0.00116406635788735
244,-2.1863625,nan,nan,-0.019776872359216213,0.2272440567612648,0.0014107089955359697
245,-2.187125,nan,nan,0.0051566739566624165,0.2941055381670594,0.001566972438013181
246,-2.7945,nan,nan,0.013374106958508492,0.27563649881631136,0.0016826135979499668
247,-2.7875750000000004,nan,nan,0.039100964553654194,0.31917035626247525,0.0019390045199543238
248,-1.9921000000000002,nan,nan,0.03311638883315027,0.2739959582686424,0.001996462291572243
249,-3.2051625,nan,nan,-0.015077618882060051,0.10317227430641651,0.0019805206829914823
250,-2.7897875,nan,nan,-0.033287871279753745,0.0924757132306695,0.0019186694989912212
251,-2.1974750000000003,nan,nan,0.03210579650476575,0.3352863062173128,0.0017317481542704627
252,-1.5891375,nan,nan,-0.024636074900627136,0.2388665886828676,0.0017450149316573516
253,-2.995375,nan,nan,-0.04478442401159555,0.30763017339631915,0.0013631736655952409
254,-2.3845875000000003,nan,nan,0.005704117473214865,0.2390552437864244,0.001324341370491311
255,-2.186925,nan,nan,0.001581905409693718,0.2495399070903659,0.001274449925404042
256,-1.7915375000000002,nan,nan,-0.009200863307341933,0.2214723415672779,0.001288508778088726
257,-2.7973875,nan,nan,0.003196277189999819,0.2917805090546608,0.001278963973163627
258,-2.2835875000000003,nan,nan,-0.0022687972523272038,0.23558991961181164,0.0013851370167685673
259,-1.9845125000000001,nan,nan,0.008989589288830757,0.23598438128829002,0.0013581333769252524
260,-1.7895,-2.3682450000000026,0.3940733276149266,0.010714160511270165,0.23690459970384836,0.0013888894172850996
261,-2.3898750000000004,nan,nan,0.0038757987786084414,0.24591942131519318,0.001462356434785761
262,-2.7919125,nan,nan,-0.010178020223975182,0.24224815412890166,0.0014661696477560326
263,-2.1913625000000003,nan,nan,0.029592102393507957,0.2311773574911058,0.0014489629975287244
264,-1.7897750000000001,nan,nan,0.014684492256492376,0.22280500270426273,0.0014992981305113062
265,-2.1969000000000003,nan,nan,-0.01145140826702118,0.222277179826051,0.0014631674421252683
266,-1.3894125000000002,nan,nan,-0.004574073012918234,0.21549797616899014,0.0014424216788029298
267,-1.9914500000000002,nan,nan,-0.013703497359529138,0.22907760506495833,0.0014030906895641237
268,-1.3872625,nan,nan,-0.0035572368651628494,0.21283123455941677,0.0013881804916309193
269,-1.9922625000000003,nan,nan,0.010012297425419092,0.2233792319893837,0.0014120538253337145
270,-1.1895875,nan,nan,0.008630499709397554,0.20988854754250497,0.0014780276105739176
271,-2.17775,nan,nan,-0.0014842154923826456,0.2328530065715313,0.0014818857453064993
272,-1.9871875,nan,nan,-0.004607608658261597,0.232362886890769,0.0015646247775293887
273,-1.5919875,nan,nan,-0.006919804261997342,0.1952133805025369,0.0016784087929408997
274,-2.187475,nan,nan,0.02027483657002449,0.22449396969750524,0.00172982964431867
275,-1.5863500000000001,nan,nan,-0.006037729210220277,0.20722449966706336,0.001801225807867013
276,-1.5897750000000002,nan,nan,-0.02776579069904983,0.20224754931405187,0.0018777113873511553
277,-2.3891375000000004,nan,nan,0.02248628716915846,0.21904009254649282,0.001880381110822782
278,-2.4871875,nan,nan,0.017211106372997165,0.27032899018377066,0.0019025847141165286
279,-2.3919,nan,nan,-0.0001228728797286749,0.21470027836039662,0.0019875005091307685
280,-2.9903375000000003,-2.1914825000000007,0.36359868344096324,-0.0032316301949322224,0.26611838722601533,0.0020503338892012835
281,-2.3945000000000003,nan,nan,0.01927728741429746,0.20522463275119662,0.0021631975832860917
282,-1.789325,nan,nan,-0.0018719839863479137,0.20172222144901752,0.00233472409308888
283,-1.5790375,nan,nan,-0.008386423345655203,0.20581438159570098,0.0024087972997222096
284,-2.1821,nan,nan,0.0007633112836629152,0.22481672558933496,0.0024887654872145504
285,-2.2895875,nan,nan,0.0032674046233296394,0.20269067026674747,0.0025825996708590537
286,-2.79265,nan,nan,0.0009331847541034222,0.14239631150849164,0.00296566283213906
287,-1.7871000000000001,nan,nan,0.009249220485799015,0.22747212694957852,0.0032468807767145336
288,-2.5927375,nan,nan,-0.024864457082003355,0.12154223397374153,0.00351635372499004
289,-1.9893125000000003,nan,nan,-0.041239647194743156,0.04942660382948816,0.004114901297725737
290,-1.9895250000000002,nan,nan,0.012777015566825867,0.06872336845844984,0.0044178314274176955
291,-2.3770125,nan,nan,-0.010502597782760859,0.03792890137992799,0.0036463687720242888
292,-3.0899,nan,nan,-0.011046410538256168,0.06407847977243364,0.003095634689088911
293,-2.990075,nan,nan,-0.009199802298098803,0.060634457506239414,0.0030820022511761636
294,-1.9922750000000002,nan,nan,-0.022893780609592795,0.04498103214427829,0.0031997392361517996
295,-2.3941375000000003,nan,nan,0.019557862542569637,0.04387269588187337,0.0028665426070801914
296,-2.7871125,nan,nan,0.002155819907784462,0.05862622382119298,0.0026000812358688563
297,-3.5970375000000003,nan,nan,-0.0012806130107492208,0.04321681009605527,0.0026941697287838906
298,-2.40015,nan,nan,0.0151640719268471,0.0874214880168438,0.004248403420206159
299,-2.5877625,nan,nan,0.017233172664418817,0.1647843038663268,0.0062214413192123175
300,-2.1844875000000004,-2.066412500000001,0.3258713231476532,-0.04434904456138611,0.05673472164198756,0.00691694236593321
301,-0.9842250000000001,nan,nan,0.000988885760307312,0.13042238913476467,0.006184045749250799
302,-1.9795000000000003,nan,nan,0.019927838817238808,0.022244054707698524,0.005534911411814392
303,-1.9843125000000001,nan,nan,-0.020919922273606062,0.022506132954731584,0.004360271850600839
304,-2.3853500000000003,nan,nan,-0.024779689963907003,0.05997991003096104,0.004832011240068823
305,-2.3870125,nan,nan,-0.03305137366987765,0.10668201372027397,0.007138498884160072
306,-2.1870125000000002,nan,nan,-0.002013599732890725,0.11316501256078482,0.007146389281842858
307,-2.9048000000000003,nan,nan,-0.018533766735345125,0.03142752486746758,0.006017899315338582
308,-1.7923875000000002,nan,nan,-0.008715306408703327,0.10377599438652396,0.005040152871515602
309,-1.9814500000000002,nan,nan,0.029658750165253878,0.11224694084376097,0.004742912540677935
310,-2.39015,nan,nan,-0.012985512148588896,0.08804525644518435,0.00454949279082939
311,-1.384325,nan,nan,0.010320729808881879,0.10509979829657823,0.004832786740735173
312,-1.7870000000000001,nan,nan,0.003276826930232346,0.08878140494925901,0.005279508943203837
313,-2.2974750000000004,nan,nan,-0.005274916300550103,0.2017040839418769,0.005097271001432091
314,-2.5897750000000004,nan,nan,-0.025781818432733417,0.16988462815061212,0.0037928472156636417
315,-2.3848875,nan,nan,-0.019833157071843743,0.19965083175338805,0.002270985540235415
316,-2.184225,nan,nan,-0.020794985815882683,0.17996290256269276,0.0020414972095750272
317,-3.3895000000000004,nan,nan,-0.032966780941933393,0.23446577787399292,0.00200930010760203
318,-2.4002375000000002,nan,nan,0.01566932164132595,0.17526004323735833,0.0020792728755623102
319,-2.704775,nan,nan,0.010491047753021121,0.1861526188440621,0.002110591856762767
320,-2.9944875000000004,-2.3277525000000017,0.4633694610810067,-0.02027563750743866,0.20601873751729727,0.002136594383046031
321,-1.8872750000000003,nan,nan,-0.009401137474924326,0.19543083128519356,0.0020675305277109146
322,-2.1844125,nan,nan,-0.023032572120428085,0.18112223502248526,0.002026325324550271
323,-2.8949000000000003,nan,nan,0.024118894711136818,0.20067264046519995,0.0020395525207277387
324,-2.5947125,nan,nan,-0.020448518684133887,0.19831376522779465,0.001979700828087516
325,-2.3970875,nan,nan,-0.0017913770861923695,0.18747804197482765,0.002003396482905373
326,-2.3971125,nan,nan,0.034232146106660366,0.18103323690593243,0.0019950264832004905
327,-2.7872875,nan,nan,0.005206613801419735,0.21092237066477537,0.001998883584747091
328,-1.7896875,nan,nan,-0.01283303927630186,0.1875204686075449,0.0020723500347230583
329,-1.3815375,nan,nan,0.019065828062593937,0.12675765505991876,0.0021071137744002044
330,-2.7803750000000003,nan,nan,-0.019616611767560244,0.1962240927387029,0.0021537413995247334
331,-1.3869125000000002,nan,nan,0.009322002995759249,0.08765968738589436,0.00232010695617646
332,-2.49525,nan,nan,0.01866822666488588,0.04645250807516277,0.002314629848115146
333,-2.9926375000000003,nan,nan,-0.017328944755718112,0.19821315503213555,0.0024297753116115928
334,-2.3922125000000003,nan,nan,0.011963134165853262,0.26522055780515075,0.0019930547568947077
335,-2.5973875000000004,nan,nan,-0.016165847424417734,0.26673378609120846,0.0018465246394043788
336,-3.200425,nan,nan,0.0022721225395798683,0.23168331570923328,0.0017062033148249611
337,-1.9895125000000002,nan,nan,-0.011884881649166346,0.22659374494105577,0.0016662652778904885
338,-2.7848750000000004,nan,nan,-0.003296288661658764,0.1916408366523683,0.0016502893704455346
339,-1.9847000000000001,nan,nan,0.004716229857876897,0.18727557640522718,0.0016105190152302384
340,-2.5843375,-2.0692025000000007,0.519108739656253,0.004223727621138096,0.17303057573735714,0.0016459973849123344
341,-2.7869375,nan,nan,0.01615087571553886,0.18460218608379364,0.0016592543688602746
342,-1.7872875000000001,nan,nan,0.020169247407466173,0.21581790642812848,0.0016729350463720039
343,-2.5922750000000003,nan,nan,0.0011018787045031786,0.15875804657116532,0.0016972454031929374
344,-2.8873,nan,nan,0.004730026237666607,0.17319459351710975,0.0016625025309622288
345,-1.9823750000000002,nan,nan,-0.0068338054697960615,0.16966069303452969,0.0017477000801591203
346,-1.394125,nan,nan,-0.024281694553792477,0.1639700272353366,0.0018096849380526692
347,-1.4869,nan,nan,0.028898513410240412,0.15466080768965185,0.0018205737724201754
348,-1.7866375,nan,nan,-0.017303233733400702,0.17134859506040812,0.0018542181060183793
349,-3.1856250000000004,nan,nan,0.013764624483883381,0.19566317135468125,0.0018746807909337804
350,-2.5923000000000003,nan,nan,-0.004716544412076473,0.1888591251336038,0.0018730332085397094
351,-2.6940500000000003,nan,nan,0.0018080943264067173,0.18927254201844335,0.0018853573419619352
352,-2.4910750000000004,nan,nan,0.008991926908493042,0.15613209293223917,0.0019587071728892624
353,-3.399125,nan,nan,0.025367070455104113,0.19325927551835775,0.0020044304692419246
354,-2.2894375,nan,nan,-0.036257010884582996,0.08779536187648773,0.0018804509163601324
355,-1.5895125,nan,nan,-0.0063355788588523865,0.08034211164340377,0.0018848498439183459
356,-3.1924625000000004,nan,nan,-0.028804207453504205,0.07075544912368059,0.0018612319690873846
357,-2.5819125,nan,nan,0.006077519617974758,0.07893134607002139,0.0018879369017668068
358,-2.3897625000000002,nan,nan,-0.004818353336304426,0.014445004460867494,0.0019162518146913499
359,-1.9917250000000002,nan,nan,-0.0152612728998065,0.0928004973102361,0.0018835945229511708
360,-2.392275,-2.0339,0.5337171183080066,0.021949946880340576,0.10582498693838716,0.001892828193376772
361,-2.3875625,nan,nan,-0.008464233949780464,0.1496381708420813,0.0018705890543060377
362,-2.1920875,nan,nan,-0.007435368373990059,0.15293053770437837,0.001952551378053613
363,-2.1846125,nan,nan,0.01249960227869451,0.15020670555531979,0.0018938490393338725
364,-1.9896875,nan,nan,-0.003890460357069969,0.1494992955122143,0.0020305453799664974
365,-3.7995,nan,nan,-0.0021369620226323605,0.19581779767759144,0.0020867364073637873
366,-1.3812625,nan,nan,0.0002534720115363598,0.020233384217135608,0.002067029126919806
367,-2.1917250000000004,nan,nan,0.002604877343401313,0.167926627676934,0.002047538146143779
368,-1.7870125000000001,nan,nan,-0.0316855045966804,0.200707099866122,0.002059334045043215
369,-2.591825,nan,nan,-0.030115559929981828,0.05385875969659537,0.0021116628777235746
370,-2.1894375000000004,nan,nan,0.029355154372751713,0.03329384292010218,0.0020788136462215334
371,-1.9919000000000002,nan,nan,0.0017971410416066647,0.18258599156979471,0.002234242361737415
372,-1.3866375000000002,nan,nan,0.0005783162778243423,0.15193065837956965,0.002200824848841876
373,-2.3897125000000004,nan,nan,0.023553351871669292,0.1790032637072727,0.0022592015156988055
374,-1.5850625,nan,nan,-0.013529659481719136,0.1450770222581923,0.0022735376842319965
375,-2.3969125,nan,nan,-0.008551867678761482,0.05198868364095688,0.0023100248945411295
376,-2.3843125,nan,nan,0.027654375415295362,0.04411286348477006,0.0020086030708625913
377,-2.7868375000000003,nan,nan,-0.013481648173183203,0.05391197744756937,0.0017136735405074432
378,-1.7879250000000002,nan,nan,0.016149653121829033,0.04108090582303703,0.001569455096614547
379,-1.9868125,nan,nan,0.027629393385723233,0.02697170979809016,0.001539933859021403
380,-2.3892375,-2.669072500000005,0.23494519086906301,-0.026183029636740685,0.027793381363153458,0.0015118675510166213
381,-3.3819000000000004,nan,nan,-0.01220570015721023,0.14346699800807983,0.0015034001116873696
382,-2.9924875,nan,nan,-0.007794557837769389,0.0348614202812314,0.0015000148996477947
383,-2.5899375,nan,nan,-0.014508766820654273,0.030034817522391677,0.0015869089547777548
384,-2.4874750000000003,nan,nan,-0.023078940575942397,0.03403274156153202,0.0015447115438291803
385,-2.8003375000000004,nan,nan,-0.020103832706809044,0.04529201053082943,0.0016251171182375401
386,-1.1846875000000001,nan,nan,0.018732715747319162,0.031216452014632523,0.0015791646292200312
387,-1.9897000000000002,nan,nan,0.0355007613543421,0.060846358770504594,0.0015071277011884376
388,-1.5970875000000002,nan,nan,0.03347168816253543,0.030688906903378665,0.001510617817984894
389,-2.092,nan,nan,0.01899885176680982,0.06134988134726882,0.0015302674437407404
390,-1.7922875000000003,nan,nan,-0.034167901845648885,0.053877576952800155,0.0015299910155590624
391,-1.9895000000000003,nan,nan,-0.011743797920644283,0.059845872630830854,0.0015465244505321607
392,-2.394775,nan,nan,0.027684161672368646,0.028566852677613497,0.0015339642122853547
393,-1.9896000000000003,nan,nan,0.016980360029265285,0.056756817968562245,0.0015864734596107155
394,-3.5888750000000003,nan,nan,0.01534679252654314,0.10428231582045555,0.0016315156972268596
395,-1.7820000000000003,nan,nan,-0.01004069484770298,0.09371598064899445,0.0016536799375899136
396,-1.7868125000000001,nan,nan,-0.02195268915966153,0.2847322798334062,0.0017701556789688766
397,-1.7919125000000002,nan,nan,-0.003895488567650318,0.0621203335467726,0.001779945581802167
398,-3.9918250000000004,nan,nan,0.006202367367222905,0.13080193474888802,0.001848737956606783
399,-2.3870250000000004,nan,nan,0.011656227055937052,0.02666079136542976,0.0018783099949359894
400,-1.7890375,-2.02826,0.6425415777111254,0.001528251450508833,0.05537458776962012,0.002108785876771435
401,-2.5869250000000004,nan,nan,0.029322315007448196,0.019888760172761977,0.0023001095687504858
402,-3.1939375,nan,nan,-0.0050895921885967255,0.06871616770513356,0.00269128056243062
403,-2.3840500000000002,nan,nan,0.031810188200324774,0.013138038688339293,0.0027114061231259257
404,-1.9894000000000003,nan,nan,0.015382478479295969,0.09118936641607434,0.0030540839943569154
405,-2.1850625000000004,nan,nan,0.010854405583813787,0.16980388946831226,0.0033597403089515865
406,-2.3868250000000004,nan,nan,0.031455202493816614,0.1507201842032373,0.0036684893420897424
407,-2.1877750000000002,nan,nan,-0.005142673151567578,0.21434066072106361,0.003645824210252613
408,-2.5820125000000003,nan,nan,-0.028157331282272935,0.15668864222243428,0.002582009183242917
409,-1.7921000000000002,nan,nan,0.016461453400552273,0.2098259823396802,0.002016305486904457
410,-1.5869000000000002,nan,nan,-0.00861018244177103,0.1539967325516045,0.0016415763966506347
411,-2.5895,nan,nan,-0.011796100065112114,0.16654725885018706,0.0016463861538795754
412,-0.9841250000000001,nan,nan,-0.0011106301099061966,0.13505418924614787,0.0016912309074541554
413,-2.789975,nan,nan,0.011988246813416481,0.26648205146193504,0.001707802206510678
414,-2.3890625,nan,nan,-0.0077476720325648785,0.03857436729595065,0.0018020107672782615
415,-2.3915375,nan,nan,0.017428393242880702,0.10924606281332672,0.0019736541726160794
416,-1.7945875000000002,nan,nan,0.004899339750409126,0.11078759282827377,0.002053384087048471
417,-1.7919,nan,nan,0.01614027307368815,0.13842016318812966,0.0020872172026429325
418,-2.6808,nan,nan,0.026822329498827457,0.16059259418398142,0.0020672981918323785
419,-3.1897750000000005,nan,nan,-0.00016153347678482533,0.07956352410838008,0.0022016109724063426
420,-2.3994125000000004,-1.94998,0.42825798895058703,0.017150325002148747,0.12317075650207698,0.0023105957952793688
421,-2.1940375000000003,nan,nan,0.00841621938161552,0.22255316376686096,0.0022496795863844454
422,-2.7882000000000002,nan,nan,0.01244268100708723,0.15978044690564275,0.002415027789538726
423,-1.5893125000000001,nan,nan,-0.03809861280024052,0.13650471530854702,0.002552256832132116
424,-2.5924750000000003,nan,nan,-0.01391378603875637,0.14850712288171053,0.002605362009489909
425,-2.1844875000000004,nan,nan,-0.01085877139121294,0.12985178362578154,0.00273404095787555
426,-2.5892250000000003,nan,nan,0.01630854164250195,0.15328406915068626,0.0028816661215387285
427,-2.194325,nan,nan,-0.02104984363541007,0.14603038411587477,0.0029804492369294167
428,-2.9940625,nan,nan,-0.005727360490709543,0.07814084691926837,0.0030724678945261985
429,-2.1934875000000003,nan,nan,-0.016665841918438673,0.22019103495404124,0.0035307530488353223
430,-2.9903625000000003,nan,nan,-0.03460397606249899,0.09384671738371253,0.00355567762744613
431,-2.4893125,nan,nan,-0.028597789350897074,0.045676800422370434,0.003563378151739016
432,-2.0871125000000004,nan,nan,0.009299760567955673,0.07544433372095227,0.003381434449693188
433,-1.7917250000000002,nan,nan,0.03361082635819912,0.11317126266658306,0.004161663760896772
434,-2.3897,nan,nan,0.01587302889674902,0.05735051166266203,0.0049858654965646565
435,-2.1848875000000003,nan,nan,0.0166739069391042,0.09540510829538107,0.008380785817280412
436,-1.5923625000000001,nan,nan,-0.0003624714445322752,0.12864529236685485,0.00805569119984284
437,-2.5901625000000004,nan,nan,-0.039060560055077076,0.12480965862050653,0.003924574964912608
438,-1.9861750000000002,nan,nan,0.0206920662894845,0.13089473778381944,0.0028117440233472735
439,-1.9846875000000002,nan,nan,0.0010735810501500964,0.12084823381155729,0.00238080695271492
440,-2.5971,-2.5487475000000033,0.5454530488158466,0.022937572561204433,0.13064019405283034,0.0023676588607486337
441,-2.791725,nan,nan,0.019411788787692785,0.1272070910781622,0.0022869365056976676
442,-2.9878375000000004,nan,nan,0.025438178214244545,0.12920539383776486,0.002252348407637328
443,-1.789325,nan,nan,-0.0016206465661525726,0.11647137883119285,0.002348055742913857
444,-2.99675,nan,nan,0.0056869862601161,0.1365995209198445,0.0023719285672996193
445,-1.5816125,nan,nan,0.028320232639089227,0.11609638365916908,0.002334106568014249
446,-2.1894,nan,nan,0.0017282599583268166,0.10323677258566022,0.0023396806500386447
447,-3.7930500000000005,nan,nan,-0.016276461770758033,0.0761758922599256,0.002266755764139816
448,-2.3971875000000002,nan,nan,0.011755168437957764,0.12046076427213848,0.002276517479913309
449,-2.3899875,nan,nan,-0.002464387915097177,0.13555414322763681,0.0021165549114812165
450,-1.1895,nan,nan,-0.01248364383354783,0.018487595720216632,0.002293884812388569
451,-1.9977375000000002,nan,nan,0.015552668366581202,0.13002547901123762,0.002538053347961977
452,-2.3897125000000004,nan,nan,-0.00509562436491251,0.14627651870250702,0.0028178320499137044
453,-1.9844125000000001,nan,nan,-0.002006218768656254,0.11526735406368971,0.002968907792819664
454,-2.18515,nan,nan,-0.014871464343741536,0.12925354577600956,0.0031573091400787234
455,-2.9970000000000003,nan,nan,0.011269232491031289,0.04557266947813332,0.0032476767082698643
456,-2.5873000000000004,nan,nan,0.006462832214310765,0.03225428774021566,0.0036231403646524996
457,-3.1949875000000003,nan,nan,-0.028670997358858585,0.05039597791619599,0.004892826022114605
458,-2.7875875000000003,nan,nan,0.009856829652562737,0.08600475126877427,0.005372055049519986
459,-2.588775,nan,nan,-0.022041452350094914,0.08120231190696359,0.005959561036434025
460,-2.188775,-1.947062499999999,0.33735684315721326,0.02169109438546002,0.25154012558050454,0.006424582039471716
461,-1.9846125000000001,nan,nan,-0.003514452837407589,0.05774136399850249,0.006897781451698393
462,-2.9945000000000004,nan,nan,-0.015926735941320658,0.23049303411971778,0.00745943357469514
463,-2.2897000000000003,nan,nan,-0.021043952321633697,0.06623803684487939,0.008031314355321229
464,-1.3892250000000002,nan,nan,0.001647457480430603,0.09102134918794036,0.008361436077393591
465,-1.3894875000000002,nan,nan,0.00037006009370088577,0.0983164981007576,0.00863804470282048
466,-1.3820000000000001,nan,nan,0.0007211826741695404,0.10536408890038729,0.0086626629345119
467,-2.5874,nan,nan,0.01590590365231037,0.03680274169892073,0.007584869745187461
468,-2.3849750000000003,nan,nan,-0.018396032275632024,0.040429892600513995,0.005478569015394896
469,-1.387175,nan,nan,-0.01735165109857917,0.050147332483902574,0.004848236683756113
470,-1.9946125000000001,nan,nan,-0.000390694011002779,0.04766023834235966,0.004437676107045263
471,-3.1870875,nan,nan,-0.031758963130414486,0.05833409330807626,0.004078313329955563
472,-2.8002875,nan,nan,0.01115057384595275,0.0835575289092958,0.003606256388593465
473,-1.7893125,nan,nan,0.010350095573812723,0.05695194401778281,0.0039369693549815565
474,-1.7950375,nan,nan,0.0004128417931497097,0.10785371996462345,0.0041178574319928885
475,-1.5920125,nan,nan,0.04229362495243549,0.13456380041316152,0.0042457274394109845
476,-1.7871125,nan,nan,-0.005318162962794304,0.15877304412424564,0.0042019993416033685
477,-1.582175,nan,nan,-0.006659754551947117,0.10880551487207413,0.004374189942609519
478,-1.9893250000000002,nan,nan,0.016733864787966013,0.16111642541363835,0.004375555959995836
479,-2.1909875000000003,nan,nan,-0.02402476966381073,0.14030672027729452,0.004450570908375084
480,-2.5894375000000003,-2.1690774999999993,0.5401559089397253,-0.01731801824644208,0.14929186645895243,0.004319198080338538
481,-1.7939375000000002,nan,nan,-0.0036300226929597557,0.10341308452188969,0.004573718877509236
482,-1.7869125000000001,nan,nan,-0.020332399755716324,0.09950222284533083,0.004668971756473184
483,-1.6862750000000002,nan,nan,0.00731347338296473,0.09052021673414856,0.004660091188270599
484,-1.7813625000000002,nan,nan,-0.0029310048557817936,0.08811261807568371,0.004656994016841054
485,-2.5949625000000003,nan,nan,0.006685143336653709,0.11627571890130639,0.004661826882511377
486,-2.8846125000000002,nan,nan,-0.017553831916302443,0.1243541450239718,0.004665455897338688
487,-1.5896000000000001,nan,nan,0.015729700680822134,0.09609547595027834,0.004759187111631036
488,-2.779325,nan,nan,0.01971730892546475,0.13175912387669086,0.004769899416714907
489,-2.386625,nan,nan,-0.009226459311321378,0.09799760929308832,0.004936600336804986
490,-2.5867375000000004,nan,nan,0.01168460724875331,0.10159443691372871,0.0050724801840260625
491,-1.9919000000000002,nan,nan,-0.009267120156437159,0.08769383025355637,0.0054356331820599735
492,-1.5895000000000001,nan,nan,-0.02061328082345426,0.09154106781352311,0.005437934247311205
493,-3.1886875000000003,nan,nan,-0.0030592218972742558,0.11704141669906676,0.005529173999093473
494,-1.4840375000000001,nan,nan,-0.038700098637491465,0.09524788439739496,0.005454604455735534
495,-2.5836,nan,nan,0.010251295287162066,0.11701002856716514,0.005798833502922207
496,-1.1844125,nan,nan,-0.003936711698770523,0.0260200611082837,0.006327793642412871
497,-2.5901750000000003,nan,nan,-0.011379123665392399,0.03035804838873446,0.006296906329225749
498,-1.8942125,nan,nan,-0.004255826584994793,0.027341520530171692,0.006345578236505389
499,-2.18915,nan,nan,0.010757767129689455,0.02511263987980783,0.005882117664441466
500,-1.9916375000000002,-2.567370000000003,0.43308970387207585,-0.025095396675169468,0.01812232204247266,0.005766808055341244
501,-1.9875500000000001,nan,nan,-0.023354094941169024,0.02011739497538656,0.005584638798609376
502,-1.9949625000000002,nan,nan,-0.013028330635279417,0.01318824221380055,0.005238803045358509
503,-2.1988625,nan,nan,0.0034177209599874914,0.024454613216221333,0.005110507714562118
504,-1.5821875,nan,nan,-0.02326399739831686,0.026153790298849344,0.0051468825549818575
505,-2.7847000000000004,nan,nan,0.010593295097351074,0.03356633358635008,0.0051431129686534405
506,-3.091825,nan,nan,0.021951349452137947,0.03136476571671665,0.005335895868483931
507,-4.0848,nan,nan,-0.022388434503227472,0.14561606012284756,0.005512376315891743
508,-2.3916375000000003,nan,nan,-0.011724789626896381,0.056726380717009306,0.005419217864982784
509,-1.292075,nan,nan,-0.010806676000356674,0.020395827130414546,0.005019126983825117
510,-2.3925500000000004,nan,nan,-0.014774030540138483,0.11220579454675317,0.004847930511459708
511,-1.7839500000000001,nan,nan,-0.013932350324466825,0.09721005824394524,0.004921171232126653
512,-1.8845750000000001,nan,nan,0.002263579983264208,0.0780075746588409,0.0053292582160793245
513,-0.9845,nan,nan,-0.006312801735475659,0.016503819730132818,0.005646895617246628
514,-1.391725,nan,nan,0.008555408101528883,0.12642697035335004,0.006236523971892893
515,-1.7817250000000002,nan,nan,0.0006809057667851448,0.03388252086006105,0.007097275403793901
516,-2.3853250000000004,nan,nan,-0.014799686381593347,0.06575324246659875,0.007346736325416714
517,-1.9894250000000002,nan,nan,-0.0008781885262578726,0.039412131533026695,0.0038516485365107656
518,-2.6893125,nan,nan,0.003576364484615624,0.0545634685549885,0.0017427080892957747
519,-2.3850875,nan,nan,-0.015005299355834723,0.06475349143147469,0.0012589069083333015
520,-3.3974625000000005,-2.1099550000000007,0.2709488783193263,0.013739823130890727,0.08982993429526687,0.001242554688360542
521,-0.5844,nan,nan,-0.004952315473929048,0.06796411075629294,0.001279689880902879
522,-1.9917125000000002,nan,nan,0.006949533708393574,0.042990630492568016,0.0012924844195367768
523,-2.9897,nan,nan,0.030581388156861067,0.12187687098048627,0.001241208941792138
524,-3.3819250000000003,nan,nan,-0.008855892694555223,0.11690385220572352,0.001160256942966953
525,-1.7895,nan,nan,-0.008159287623129785,0.18217788520269096,0.001370902988128364
526,-2.0922875000000003,nan,nan,-0.006491408217698336,0.04208361718337983,0.0013460063928505406
527,-2.1871,nan,nan,-0.011940871831029654,0.05893302522599697,0.0014068156451685354
528,-2.5893375,nan,nan,-0.006210759747773409,0.06588078662753105,0.0013483038201229647
529,-2.5825750000000003,nan,nan,-0.025758245028555393,0.1093512661755085,0.0013403016200754791
530,-2.1921000000000004,nan,nan,0.01213178422767669,0.08041989570483565,0.001407752453815192
531,-2.384125,nan,nan,-0.002885655965656042,0.07727932883426547,0.0014895382337272167
532,-1.7867125000000001,nan,nan,0.024665120290592313,0.07649820647202432,0.001620184222701937
533,-1.591825,nan,nan,-0.014508549124002457,0.0976667208597064,0.001683124210103415
534,-1.0847625,nan,nan,0.009655697038397193,0.08637173072202131,0.0017286768124904484
535,-1.9850625000000002,nan,nan,0.010660800151526928,0.08679129113443196,0.0018466776236891747
536,-2.1993125,nan,nan,0.010740906931459904,0.03592058818321675,0.002125975239323452
537,-2.3918250000000003,nan,nan,0.002809390891343355,0.04294730396941304,0.00231506212730892
538,-2.6949625000000004,nan,nan,0.019647914916276932,0.19265265064314008,0.002781260322080925
539,-1.3837625,nan,nan,0.01543170353397727,0.042727628140710294,0.0025883657799568027
540,-1.8808125000000002,-2.1474125000000006,0.19297795988143407,0.027236128225922585,0.1579867983236909,0.001569329688209109
541,-1.3846875,nan,nan,-0.03418897674418986,0.043511288007721305,0.0010400903120171279
542,-1.9920000000000002,nan,nan,0.011172955855727196,0.17576564475893974,0.001115881314035505
543,-3.2015375,nan,nan,0.010004881769418716,0.06361011834815145,0.0010875434818444774
544,-2.28425,nan,nan,-0.0003633091691881418,0.12106744758784771,0.001059509173501283
545,-1.7866250000000001,nan,nan,0.01944809383712709,0.21909498237073421,0.0011137782130390406
546,-2.5844125,nan,nan,0.026016860269010067,0.03686038497835398,0.0011898229276994243
547,-1.3895125000000002,nan,nan,0.022210122318938375,0.07527426304295659,0.0012417801190167665
548,-3.1894000000000005,nan,nan,-0.00997792137786746,0.021578755578957498,0.0012915869883727282
549,-3.0828625,nan,nan,-0.005664659198373556,0.04646343202330172,0.0011755449522752315
550,-2.387,nan,nan,-0.006402331870049238,0.023472749162465334,0.0012173136055935174
551,-2.9865500000000003,nan,nan,-0.0021791551262140274,0.12240688502788544,0.0012458004930522293
552,-2.5917250000000003,nan,nan,-0.011471834382973611,0.04106371896341443,0.0013933781592641026
553,-1.1842125000000001,nan,nan,0.007685020565986633,0.13427848648279905,0.0017948996683117002
554,-1.8872750000000003,nan,nan,-0.019763156538829207,0.02519940841011703,0.0023273055267054588
555,-1.9886625000000002,nan,nan,0.03433187212795019,0.10575044900178909,0.0040184970130212605
556,-2.781925,nan,nan,-0.027304918156005442,0.04000774631276727,0.003827524051303044
557,-2.190325,nan,nan,-0.015614488162100315,0.03222610568627715,0.0029191436187829822
558,-1.3870875,nan,nan,0.022731163073331118,0.03512232785578817,0.002343228552490473
559,-2.192375,nan,nan,-0.0009736134670674801,0.036798748071305454,0.00226094268145971
560,-2.9947875,-2.107580000000001,0.5682015895349152,-0.037323600612580776,0.03117112861946225,0.0021957577555440366
561,-2.1873500000000003,nan,nan,-0.0004742732271552086,0.040064457105472684,0.001980051281861961
562,-1.9925625000000002,nan,nan,0.020141166169196367,0.03726455569267273,0.0018528221844462678
563,-1.5824625,nan,nan,0.04147058306261897,0.023455774877220392,0.002028855393291451
564,-2.991375,nan,nan,0.041287542786449194,0.029839956434443593,0.002555878716520965
565,-2.7893250000000003,nan,nan,-0.001633207080885768,0.0818999707698822,0.002656822820426896
566,-2.3887625000000003,nan,nan,-0.01752349833259359,0.08962354203686118,0.0024774110061116517
567,-2.1964375,nan,nan,0.003939321730285883,0.08728329907171428,0.001944402712979354
568,-1.7846875000000002,nan,nan,-0.0206835032440722,0.08418400213122368,0.0016630744357826188
569,-3.10115,nan,nan,-0.006774311885237694,0.07616500067524612,0.0015630352863809094
570,-2.9847875000000004,nan,nan,0.0028326408937573433,0.218734884634614,0.0010592400576570071
571,-2.7922875,nan,nan,-0.004884957801550627,0.12320518912747502,0.0007422897397191264
572,-2.594525,nan,nan,-0.010313055710867047,0.09024559147655964,0.0007743448804831132
573,-2.3914500000000003,nan,nan,0.0022252232301980257,0.07292169821448624,0.0008058411040110514
574,-2.9855375000000004,nan,nan,-0.027035490609705448,0.07761543896049261,0.0008035896680667065
575,-2.5923625,nan,nan,-0.04062333516776562,0.10348422452807426,0.0008266593285952695
576,-2.189225,nan,nan,-0.020924423821270466,0.06561497040092945,0.0008437329961452633
577,-1.8845875,nan,nan,-0.0029646402690559626,0.08560429140925407,0.000843800968141295
578,-1.9838500000000001,nan,nan,-0.0196865665493533,0.08106457209214568,0.0009123034542426467
579,-1.78655,nan,nan,0.004089299589395523,0.08722608466632664,0.0009559181635268033
580,-2.5942250000000002,-2.2680975000000005,0.26890671261145693,0.022885676007717848,0.023195251123979688,0.0010424427018733695
581,-2.19255,nan,nan,0.031200782395899296,0.03517235640902072,0.0012039349094266072
582,-1.5897875000000001,nan,nan,0.012193157337605953,0.01519525796175003,0.0013483250513672829
583,-1.7842250000000002,nan,nan,0.01836812822148204,0.028759903041645885,0.001324142052908428
584,-2.5826625,nan,nan,0.012538345297798514,0.05484662717208266,0.001121778055676259
585,-1.384975,nan,nan,-0.01903519732877612,0.03737652231939137,0.0012150495022069663
586,-2.7843250000000004,nan,nan,0.013682094169780612,0.06417565187439322,0.0012036762200295925
587,-2.9974625,nan,nan,-0.010664746630936861,0.06452066637575626,0.0012874038075096905
588,-2.1747750000000003,nan,nan,-0.000489048077724874,0.05341120169032365,0.0012799427786376327
589,-2.5861625000000004,nan,nan,-0.03362033981829882,0.09616684261709452,0.0013161244569346309
590,-2.189425,nan,nan,-0.026101261842995882,0.031167744542472064,0.001457497026422061
591,-1.7818125000000002,nan,nan,0.01101326197385788,0.05124669522047043,0.0015910592337604612
592,-2.7902625000000003,nan,nan,-0.010535983368754387,0.10058217588812113,0.0017163972806883976
593,-1.1870875,nan,nan,0.00532805360853672,0.028908273903653026,0.0016852910339366645
594,-1.9918375000000001,nan,nan,0.013103512581437826,0.0307219207752496,0.0015777963126311079
595,-2.1869,nan,nan,-0.011174982413649559,0.010413172538392246,0.0014971850614529103
596,-1.5894125000000001,nan,nan,-0.009116406901739538,0.02450237318407744,0.001187459216453135
597,-2.592575,nan,nan,0.011087486986070871,0.11091744969598949,0.001133257246692665
598,-2.7841250000000004,nan,nan,-0.002717958763241768,0.0728319592308253,0.0008532841238775291
599,-1.1892250000000002,nan,nan,-0.015077211894094944,0.09778651897795498,0.0008502458294969983
600,-1.5871875000000002,-2.3469800000000016,0.47060045803207845,-0.03480966901406646,0.018473116913810372,0.0007694490413996391
601,-1.9873750000000001,nan,nan,-0.01192048960365355,0.016062212293036282,0.0007228176036733203
602,-4.3016625,nan,nan,-0.004755622707307339,0.07812170870602131,0.000700792035786435
603,-2.194675,nan,nan,-0.018013929948210716,0.05550832161679864,0.0006460223594331183
604,-1.7945875000000002,nan,nan,-0.02733292756602168,0.02550162118859589,0.0005566634426941164
605,-2.7926625,nan,nan,0.010728553868830204,0.0405357968993485,0.0005346993348211981
606,-3.1904375000000003,nan,nan,0.001259662676602602,0.034540881868451834,0.0005066255034762435
607,-2.1846750000000004,nan,nan,0.0026515121571719646,0.042076109210029244,0.0005018722076783888
608,-1.5842125000000002,nan,nan,-0.01732895220629871,0.020691151963546872,0.0005961630595265888
609,-2.5851875,nan,nan,-0.006686514709144831,0.048918139189481735,0.0005993034137645736
610,-3.1991500000000004,nan,nan,-0.009506997652351856,0.047507509822025895,0.0005780323408544064
611,-1.9859750000000003,nan,nan,-0.00841807178221643,0.04580037121195346,0.0005517555327969603
612,-1.9819125000000002,nan,nan,-0.010916472412645817,0.07149060815572739,0.0005167457056813873
613,-1.3821750000000002,nan,nan,0.0029834951274096966,0.05814485298469663,0.0005186331873119343
614,-1.687,nan,nan,-0.011590915033593774,0.05721195903606713,0.0005210753333813045
615,-1.986825,nan,nan,-0.037243196507915854,0.09450554195791483,0.0005138680899108294
616,-1.5894000000000001,nan,nan,0.01289654936408624,0.05097300943452865,0.0005446410359581932
617,-2.1872875,nan,nan,0.007252364419400692,0.06870598485693336,0.000548054973478429
618,-2.5878500000000004,nan,nan,-0.0095232252497226,0.04104640521109104,0.0005444997441372834
619,-3.090275,nan,nan,0.009199784137308598,0.09029424749314785,0.0005724640795961022
620,-2.1867125,-2.5075825000000025,0.6023268043906921,0.030263653257861733,0.03487215540371835,0.0006321368346107192
621,-1.1868,nan,nan,0.02240159409120679,0.023570073884911835,0.0007359016526606865
622,-2.6982000000000004,nan,nan,-0.019702286925166845,0.037377416389063,0.000843834197439719
623,-2.9981000000000004,nan,nan,0.005846607033163309,0.06378986360505223,0.0009099214294110425
624,-1.3893125000000002,nan,nan,-0.011272577568888664,0.024367899051867425,0.0010042151770903729
625,-1.7824625,nan,nan,0.027588836383074522,0.029331981437280774,0.001080462709069252
626,-1.394775,nan,nan,-0.017351947724819183,0.026891015644650906,0.0011137098335893825
627,-2.1997875000000002,nan,nan,-0.039137725718319416,0.16031553456559777,0.0011044311977457255
628,-2.1894125,nan,nan,-0.007939065108075738,0.05150082451291382,0.000992100867733825
629,-2.5995000000000004,nan,nan,-0.00010147178545594215,0.07463435921818018,0.000980002572759986
630,-1.4897875,nan,nan,-0.02740387013182044,0.10626194183714688,0.0010282167422701605
631,-1.5844125000000002,nan,nan,-0.010938682593405247,0.050490049354266375,0.0009614398368285038
632,-1.3869,nan,nan,0.008289030753076077,0.047047940199263394,0.0008840774898999371
633,-1.5869125000000002,nan,nan,0.01550487382337451,0.04642612661700696,0.0008587151896790601
634,-2.4948750000000004,nan,nan,0.015831245109438896,0.035679009510204196,0.0008389669746975414
635,-2.18745,nan,nan,-0.006531409570015967,0.04104544909205288,0.000855331054481212
636,-1.99025,nan,nan,0.005909164436161518,0.05559192015789449,0.0008365759640582837
637,-2.1871750000000003,nan,nan,0.015670021530240774,0.06206663604825735,0.0008605054463259876
638,-1.1844875000000001,nan,nan,0.0001193508505821228,0.03653642348945141,0.0008882231049938127
639,-2.282325,nan,nan,-0.013297286350280046,0.03206893405877054,0.0008947836249717511
640,-1.9896000000000003,-2.270715000000002,0.20584695777445955,-0.026484004221856594,0.026050198473967612,0.001129977885284461
641,-2.3893375000000003,nan,nan,0.00578082213178277,0.023066637222655118,0.001417055114870891
642,-2.3905250000000002,nan,nan,0.011208666488528252,0.05131535418331623,0.0015638944605598226
643,-1.9871875,nan,nan,0.020924697164446115,0.0271221986040473,0.0018176153971580788
644,-2.59025,nan,nan,0.02813275740481913,0.03573760483413935,0.001925743170431815
645,-2.1843250000000003,nan,nan,-0.00973642012104392,0.03244617278687656,0.0013473767903633416
646,-2.7906250000000004,nan,nan,-0.0330739039927721,0.0865583373233676,0.0011270730901742354
647,-1.789875,nan,nan,-0.006993539864197373,0.010460372956003994,0.0010202351113548502
648,-1.9902250000000001,nan,nan,-0.01644391380250454,0.0184762830613181,0.0009376849702675827
649,-1.9843125000000001,nan,nan,-0.01740621216595173,0.033774307230487466,0.0008329054253408685
650,-2.1870125000000002,nan,nan,0.014867379795759916,0.07452935492619872,0.0007348652652581222
651,-1.5868125000000002,nan,nan,-0.02459754585288465,0.027144393417984247,0.0008028609518078156
652,-2.19275,nan,nan,-0.001970347948372364,0.050551075022667646,0.0008132335206028074
653,-3.800625,nan,nan,-0.00016730604693293571,0.17506137024611235,0.0007722463196842
654,-3.1802750000000004,nan,nan,-0.012027273420244455,0.17831040546298027,0.000766478551668115
655,-1.984625,nan,nan,-0.03263088408857584,0.12383227562531829,0.0008404961117776111
656,-1.7870875000000002,nan,nan,0.0031575970351696014,0.050386290764436126,0.0008618260544608347
657,-1.9821875000000002,nan,nan,-0.01396634941920638,0.04807760613039136,0.0009056004928424954
658,-2.1895000000000002,nan,nan,-0.0006018357817083597,0.07197783514857292,0.0009758129599504173
659,-2.387575,nan,nan,0.0006612229626625776,0.0453282801900059,0.0009693339525256306
660,-2.3895125000000004,-2.090582499999999,0.45674083889280237,-0.012366371927782893,0.07466325722634792,0.0010131026574526913
661,-2.7832250000000003,nan,nan,-0.018660749774426222,0.03435486857779324,0.0010827954683918506
662,-2.1895125,nan,nan,-0.02212605718523264,0.03736772597767413,0.0005266871994535904
663,-2.5868375,nan,nan,-0.02583686274010688,0.06978076603263617,0.00019372450515220407
664,-1.1896875,nan,nan,0.0007898441981524229,0.030299752252176404,0.0001408284606441157
665,-2.7897875,nan,nan,-0.006008704658597708,0.04784445697441697,0.0001227915790877887
666,-2.0867375000000004,nan,nan,0.013359373202547431,0.059457013849169016,9.922272784024244e-05
667,-1.3866250000000002,nan,nan,0.006303387461230159,0.046912292134948075,6.832638837295235e-05
668,-2.9940375,nan,nan,-0.010677816811949015,0.06948328204452991,6.0475666941783857e-05
669,-2.1873875000000003,nan,nan,-0.0024631121195852757,0.04444649536162615,5.6507487443013815e-05
670,-2.7969875,nan,nan,0.01410112134180963,0.03764855139888823,5.194434561417438e-05
671,-2.6045125000000002,nan,nan,0.005669854581356049,0.03220196068286896,5.511988865691819e-05
672,-1.5870000000000002,nan,nan,0.006410830654203892,0.036779677495360374,6.139724882814335e-05
673,-2.1894125,nan,nan,-0.018494348973035812,0.033976122038438916,6.813937397964764e-05
674,-2.7827625,nan,nan,0.014750184025615454,0.04338665516115725,8.277612323581707e-05
675,-1.7817125,nan,nan,-0.0332738037686795,0.010892027290537953,9.365170262753963e-05
676,-2.6841250000000003,nan,nan,-0.009115527383983135,0.01610441505908966,9.500168653175933e-05
677,-3.2102375000000003,nan,nan,-0.0008322009816765785,0.03697927785106003,8.5991203377489e-05
678,-3.1995250000000004,nan,nan,0.019086559768766165,0.05520061729475856,7.798350088705774e-05
679,-2.3849625000000003,nan,nan,-0.003908135462552309,0.0614529880695045,8.125997192109935e-05
680,-1.9918250000000002,-2.3531874999999998,1.0148515142004781,0.01175374398007989,0.027606530347838998,8.740326666156761e-05
681,-2.379875,nan,nan,-0.024372971151024103,0.041330572217702866,8.608883945271373e-05
682,-2.1922,nan,nan,-0.003470334690064192,0.0326899056090042,8.73370299814269e-05
683,-1.5845875,nan,nan,0.012655358295887709,0.07290974399074912,0.00010045607268693857
684,-2.1862625,nan,nan,0.0019143815152347088,0.036519806599244475,0.00010990650480380282
685,-2.1929250000000002,nan,nan,-0.019150300417095423,0.03394520399160683,0.00011941451703023631
686,-2.5876625000000004,nan,nan,0.026087031699717045,0.07501865713857114,0.00012704971413768362
687,-1.9921125000000002,nan,nan,-0.02060691872611642,0.044979156693443656,0.0001325129433098482
688,-2.19265,nan,nan,-0.014116308651864529,0.04217245173640549,0.00013088027844787575
689,-2.3848125000000002,nan,nan,-0.011965441517531872,0.0605963331181556,0.00012059990876878146
690,-1.9894250000000002,nan,nan,-0.020156217273324728,0.04180671996437013,0.00012749090728902956
691,-1.5891375,nan,nan,-0.01928367675282061,0.033192024449817836,0.00013197597581893206
692,-1.7846750000000002,nan,nan,-0.003436013124883175,0.04534733877517283,0.0001397069190716138
693,-1.384775,nan,nan,0.005545520223677158,0.01479239173932001,0.00015010628339950927
694,-2.7894875000000003,nan,nan,0.029135053046047688,0.03801919659599662,0.00014758547877136152
695,-2.7936750000000004,nan,nan,-0.010690320283174515,0.04029256058856845,0.00015091485329321586
696,-2.3821125000000003,nan,nan,0.00694734207354486,0.02301072794944048,0.0001528087286715163
697,-0.9820000000000001,nan,nan,0.029385711648501456,0.03406598302535713,0.00015859232007642277
698,-2.7893250000000003,nan,nan,-0.0043582061771303415,0.019613625947386026,0.00015812369929335546
699,-1.5822,nan,nan,0.05389895522966981,0.03885934769641608,0.0001613197491678875
700,-3.3897125000000004,-2.4303375000000034,0.3246861842610495,0.008471798151731491,0.05668357852846384,0.00015793291822774336
701,-2.1867375,nan,nan,0.003492007963359356,0.02726598153822124,0.00016653253078402486
702,-1.7845125000000002,nan,nan,0.027691246941685677,0.040744424564763904,0.00017885425586428028
703,-2.1871,nan,nan,0.010789847932755947,0.014540788833983243,0.0001962459609785583
704,-1.5821,nan,nan,-0.00020603742450475693,0.00814134522806853,0.00022699646433466114
705,-2.9978375,nan,nan,-0.014769145753234625,0.041755166836082935,0.00025724612351041287
706,-2.38885,nan,nan,0.0035213485825806856,0.05004050023853779,0.0003032214444829151
707,-1.3840375,nan,nan,0.006732070818543434,0.020070388563908637,0.0003530497051542625
708,-2.5893375,nan,nan,-0.023000890389084816,0.05917744361795485,0.000358376964868512
709,-2.194125,nan,nan,0.0046533518470823765,0.03423034050501883,0.0004175336398475338
710,-1.9923875000000002,nan,nan,0.011473752558231354,0.030828828806988895,0.0003943566007365007
711,-2.1852625000000003,nan,nan,0.016679809079505503,0.0180258029140532,0.00041732431418495253
712,-1.9889500000000002,nan,nan,0.008610106771811843,0.02249018324073404,0.0004401966907607857
713,-2.207275,nan,nan,-0.0105492128059268,0.05260095722042024,0.00046532824489986524
714,-2.5872875000000004,nan,nan,-0.00018300977535545826,0.0484476238489151,0.00042387999201309867
715,-2.7799,nan,nan,0.01917189941741526,0.05506011191755533,0.0004144207814533729
716,-2.1966375,nan,nan,-0.01597581012174487,0.04810992884449661,0.00045143596435082145
717,-2.787675,nan,nan,-0.024512754986062646,0.04131139349192381,0.0004547230200842023
718,-1.7871125,nan,nan,-0.03591743973083794,0.013201058027334511,0.0004924023778585251
719,-2.192475,nan,nan,-0.004018495324999094,0.05344573804177344,0.00044702768354909495
720,-2.194325,-2.3692550000000034,0.3839458332239097,0.00025196123169735074,0.03604198235552758,0.0004369294510979671
721,-2.4051500000000003,nan,nan,-0.01063481392338872,0.043508075177669525,0.00043614060632535256
722,-1.7814625000000002,nan,nan,-0.0013153180480003357,0.026833083597011864,0.0004230098165862728
723,-2.186725,nan,nan,-0.0010089275892823935,0.06796892930287868,0.0003955134598072618
724,-1.9900625,nan,nan,-0.013772528152912855,0.04247942927759141,0.00042952615694957785
725,-2.3949875,nan,nan,0.008781033800914884,0.025988512090407312,0.00043234011536696926
726,-2.5917125000000003,nan,nan,-0.009737852495163679,0.02846711641177535,0.0004216000706946943
727,-2.5944375,nan,nan,-0.011709701269865036,0.08529675262980163,0.0003831859976344276
728,-1.789875,nan,nan,-0.016332528553903103,0.029348448617383838,0.00045666980804526247
729,-2.5939625000000004,nan,nan,-0.02959151240065694,0.03931122459471226,0.00044216695459908806
730,-2.1845000000000003,nan,nan,0.0171468541957438,0.0440794862806797,0.0004415853982209228
731,-2.7947,nan,nan,0.021445187972858548,0.044439450139179826,0.0004859919245063793
732,-2.3849,nan,nan,-0.007971276761963964,0.04695145692676306,0.0005575061368290335
733,-1.7848750000000002,nan,nan,0.01503201900050044,0.05693751713261008,0.000705958969774656
734,-2.997475,nan,nan,-0.010482488200068474,0.015367662068456411,0.0007815761055098847
735,-1.9848875000000001,nan,nan,-0.01834579650312662,0.049338923301547766,0.0007630740801687352
736,-2.1949625000000004,nan,nan,-0.002019860316067934,0.03894266509450972,0.0007053645385894924
737,-2.99655,nan,nan,-0.016511948313564062,0.02781831123866141,0.0007162822876125574
738,-1.9903250000000001,nan,nan,0.0024971142411231995,0.031449133064597845,0.0009516640348010696
739,-2.1921875,nan,nan,-0.005842237267643213,0.020228441106155515,0.0008849844816722907
740,-2.4039375,-2.1904875000000006,0.9673944711827772,0.022304642014205456,0.03515309887006879,0.000704470781784039
741,-2.3840625,nan,nan,-0.04844675585627556,0.03511576005257666,0.0006538141751661897
742,-2.1875875000000002,nan,nan,-0.049780817702412605,0.03230562177486718,0.0006673533862340264
743,-3.1894,nan,nan,0.0009153098799288273,0.06089600874111056,0.0006660539365839213
744,-2.783875,nan,nan,-0.002293758327141404,0.04667279636487365,0.000711181121005211
745,-2.179225,nan,nan,-0.024183555506169796,0.09291931428015232,0.0008530539853381924
746,-2.5918375,nan,nan,0.03340689791366458,0.05115812341682613,0.0009080379022634588
747,-2.3852625,nan,nan,0.012340685818344355,0.06215144554153085,0.0009701744638732634
748,-2.6904375000000003,nan,nan,-0.03445168025791645,0.03167007211595774,0.0009354226858704351
749,-1.7842250000000002,nan,nan,-0.0441482849419117,0.034797863219864666,0.0009468713542446494
750,-2.2898750000000003,nan,nan,-0.0013394737616181374,0.02193565876223147,0.0008244437340181321
751,-2.3903250000000003,nan,nan,-0.033447140827775,0.04188260086812079,0.000517516575200716
752,-1.7919125000000002,nan,nan,-0.025216786889359355,0.0437423437833786,0.00017493786617706064
753,-2.7839500000000004,nan,nan,0.027027576346881688,0.027871533995494246,0.00011424271997384494
754,-2.9926500000000003,nan,nan,-0.016180392005480826,0.040172682609409094,9.603603484720225e-05
755,-1.3868125000000002,nan,nan,-0.013844720087945461,0.040543124079704285,0.0001040747756633209
756,-1.3895000000000002,nan,nan,0.006078646052628756,0.031335768406279385,0.00010739334356912877
757,-1.6944000000000001,nan,nan,0.019945395179092884,0.03238887246698141,0.00011567285218916368
758,-1.99015,nan,nan,-0.0031664911657571793,0.013510327436961234,0.00011641937726381002
759,-2.387,nan,nan,0.001784761669114232,0.018172734999097884,0.00012248474558873568
760,-2.0016375,-2.429067500000003,1.0188327005266895,-0.015681635588407516,0.03333034156821668,0.00012547059759526746
761,-0.7845000000000001,nan,nan,-0.020635180175304413,0.07136303337756544,0.00015564135173917748
762,-1.9850500000000002,nan,nan,-0.019644748186692595,0.04490693402476609,0.0001601655239937827
763,-2.3872,nan,nan,0.0367912738583982,0.035059668589383364,0.00018188454487244599
764,-2.3851625000000003,nan,nan,0.019817196298390627,0.02426098147407174,0.00019248663375037722
765,-2.1877500000000003,nan,nan,-0.005134850624017417,0.010062095185276121,0.00019597121900005732
766,-1.9872750000000001,nan,nan,0.006409922381862998,0.024620299926027656,0.00022083236581238452
767,-2.5921875,nan,nan,-0.0021568271331489086,0.037853615707717836,0.00023180003881861921
768,-1.7895125,nan,nan,0.00216800719499588,0.046095113502815366,0.00026089434322784655
769,-2.7879500000000004,nan,nan,-0.004969190806150436,0.0819035954773426,0.0002464849985699402
770,-2.1825750000000004,nan,nan,0.05056817177683115,0.01643441419582814,0.000302890817692969
771,-3.09695,nan,nan,-0.02566253673285246,0.051927695982158184,0.0003102284281339962
772,-1.6871875,nan,nan,0.004163817502558231,0.010353771853260696,0.0004028708135592751
773,-2.1896125,nan,nan,-0.011300704441964626,0.020413099671714008,0.000439602885307977
774,-1.183575,nan,nan,-0.01782663119956851,0.011399067589081824,0.00047037493641255423
775,-2.78175,nan,nan,0.023348807357251644,0.06363077741116285,0.00044521848394651897
776,-2.1850625000000004,nan,nan,0.0030580894090235233,0.00890096789225936,0.0004511434344749432
777,-2.38775,nan,nan,0.020312031265348196,0.017706708749756217,0.0004121515667065978
778,-1.1893,nan,nan,-0.005015685223042965,0.015878045232966542,0.0004238006004015915
779,-1.7915375000000002,nan,nan,-0.034791458863765,0.01594403898343444,0.0004741390839626547
780,-1.7886625,-2.288750000000001,0.5722834430485495,0.0013550813309848309,0.015724330907687545,0.0005128485609020572
781,-1.7793125,nan,nan,0.020031294785439968,0.02879381040111184,0.0005207818030612543
782,-2.5919250000000003,nan,nan,-0.0018763486295938492,0.030154115287587047,0.0005206239147810265
783,-2.1876,nan,nan,0.013458194458507933,0.052892445120960474,0.00048007778605096973
784,-1.483675,nan,nan,0.02414584346115589,0.01874079555273056,0.0005534026713576168
785,-2.3913625,nan,nan,0.0006800023838877678,0.023456854396499693,0.0005339313065633178
786,-2.1845125000000003,nan,nan,-0.01327095995657146,0.04122133506461978,0.0004693310947914142
787,-3.9877625000000005,nan,nan,-0.022371578961610794,0.0750996875576675,0.00041685560790938325
788,-1.1868125,nan,nan,-0.01540669146925211,0.028442066512070596,0.00048372424134868197
789,-1.78655,nan,nan,-0.01939663663506508,0.022682118229568005,0.0005363980744732544
790,-1.7844250000000001,nan,nan,-0.017624597065150738,0.02464141952805221,0.0005643595795845613
791,-2.7866500000000003,nan,nan,-0.019827577751129866,0.037990479497238994,0.0005487010785145685
792,-2.0866375,nan,nan,-0.02992054494097829,0.017334765987470746,0.0005417163483798504
793,-2.591825,nan,nan,-0.004615260288119316,0.025155859300866723,0.0005092846186016686
794,-1.5871875000000002,nan,nan,0.006916948594152927,0.04879926913417876,0.000581517924729269
795,-2.9818375,nan,nan,-0.019759895280003548,0.08807274792343378,0.0004875240738329012
796,-2.3899625,nan,nan,0.0032117459923028946,0.015233946847729385,0.0005629177830996923
797,-1.9876375000000002,nan,nan,0.030458948574960232,0.027107856585644186,0.0005129856799612753
798,-2.1870125000000002,nan,nan,0.035347580909729004,0.03986629890277982,0.00043572918730205856
799,-2.8930375,nan,nan,0.013266614987514913,0.016578040784224868,0.0003852156369248405
800,-2.1895125,-2.631115000000002,0.5262996020210381,0.02161647053435445,0.02462266630027443,0.00047313671893789433
801,-2.399875,nan,nan,-0.027843414805829525,0.01969481783453375,0.0005656233843183145
802,-2.1897875,nan,nan,0.005101868882775307,0.01786571741104126,0.0006480906522483565
803,-1.7916250000000002,nan,nan,-0.0012362722773104906,0.016236743540503085,0.0007311336885322817
804,-0.9843125,nan,nan,-0.017299920320510864,0.016777285636635497,0.000843665620777756
805,-2.1869125,nan,nan,0.004248725716024637,0.019141567638143897,0.0007728134223725647
806,-2.3949875,nan,nan,-0.015444374177604914,0.06906879413872957,0.0005396442356868647
807,-1.7919,nan,nan,-0.0031722108833491802,0.03729570051655173,0.0005108249933982734
808,-1.786825,nan,nan,-0.02255112212151289,0.03691991651430726,0.0004852776510233525
809,-1.8897125000000001,nan,nan,-0.0029836753383278847,0.014291812665760517,0.0005095559208712075
810,-2.4870875000000003,nan,nan,-0.005695284577086568,0.017045366344973445,0.0005572840091190301
811,-2.8924625,nan,nan,-0.010609275195747614,0.046138021629303694,0.0005648677688441239
812,-1.391725,nan,nan,0.02701553562656045,0.03839203785173595,0.0005990561257931404
813,-1.7849625000000002,nan,nan,0.015234989579766989,0.010309824720025063,0.0005947922909399495
814,-1.5843125000000002,nan,nan,-0.009493584278970957,0.017600438557565212,0.0006563208808074705
815,-2.985075,nan,nan,0.033281640615314245,0.020261160912923515,0.0006457794734160416
816,-2.3876500000000003,nan,nan,-0.009810706600546837,0.055760233430191875,0.0005817223354824819
817,-2.186925,nan,nan,-0.004124057944864035,0.009492547367699444,0.0006399094927473925
818,-2.5946000000000002,nan,nan,0.01198162604123354,0.01282903179526329,0.0006227206031326205
819,-2.7848,nan,nan,0.01217985525727272,0.020188411232084036,0.0006076328281778842
820,-1.9847625000000002,-2.5896000000000017,0.6706752954112764,-0.011920363176614046,0.028497003950178623,0.0006824710289947689
821,-1.2870125000000001,nan,nan,-0.014833071269094944,0.045157556887716055,0.0007020719058346003
822,-3.1972,nan,nan,-0.008920866530388594,0.024672600207850337,0.0007096382178133354
823,-2.3872875000000002,nan,nan,0.033204037230461836,0.025141985388472676,0.0007131662932806648
824,-1.5869125000000002,nan,nan,0.01055783755145967,0.029005606193095446,0.000806156218459364
825,-2.4970625,nan,nan,-0.011437913868576288,0.013377226772718132,0.0008633839315734804
826,-1.9847750000000002,nan,nan,0.028035090072080493,0.026733660837635398,0.001021144082187675
827,-2.187475,nan,nan,0.0015494530089199543,0.03554983320645988,0.0011606494954321533
828,-1.3844125,nan,nan,0.020574090536683798,0.021813724539242685,0.0012838526599807665
829,-1.7847000000000002,nan,nan,-0.0040065201465040445,0.025730265653692186,0.0013431006227619946
830,-3.1848125,nan,nan,0.016062351409345865,0.07310981350019574,0.001204123007482849
831,-1.9847750000000002,nan,nan,0.007469278760254383,0.04049816238693893,0.0012763741688104346
832,-2.3900750000000004,nan,nan,-0.008026457158848643,0.060894135385751724,0.0011864591215271503
833,-0.5844,nan,nan,0.0052264838013798,0.035994654608657584,0.0012730287853628397
834,-1.3895875000000002,nan,nan,-0.025403409730643034,0.027013399871066213,0.0012207645922899246
835,-1.5945,nan,nan,0.009592800168320537,0.013408294471446425,0.001395184372086078
836,-1.9991375000000002,nan,nan,0.01759930280968547,0.014591169776394963,0.0017853327008197084
837,-2.7973875,nan,nan,0.03775175241753459,0.02415394422132522,0.0016005125362426043
838,-2.999425,nan,nan,0.06149438489228487,0.04988920595496893,0.0014528547617373988
839,-2.1893375,nan,nan,0.010089728515595198,0.04302457068115473,0.0014055219799047336
840,-2.1951625000000003,-1.4265199999999987,0.48087886875230884,0.0007982817478477955,0.02328494901303202,0.001443725122953765
841,-2.3874875,nan,nan,-0.024687902070581913,0.02833164483308792,0.0013787085772491992
842,-2.284675,nan,nan,-0.010508234379813075,0.026945003774017096,0.0012406956811901182
843,-2.1846125,nan,nan,0.03861176082864404,0.03585399012081325,0.001151972115621902
844,-3.19525,nan,nan,-0.005412762518972158,0.1084927273914218,0.001053972780937329
845,-2.5891375,nan,nan,-0.018325919983908534,0.06579532171599567,0.00078062794636935
846,-3.401825,nan,nan,0.01923174038529396,0.08774983882904053,0.0007088480924721807
847,-1.1844875000000001,nan,nan,0.012682552449405193,0.020344056305475533,0.0007398472152999602
848,-2.2878625,nan,nan,0.01255177054554224,0.01537504093721509,0.0007293994349311106
849,-1.9873750000000001,nan,nan,-0.008582685142755508,0.020517570315860212,0.0008021662797546014
850,-2.98015,nan,nan,-0.007279910147190094,0.028306314256042242,0.0009114673084695823
851,-2.3918250000000003,nan,nan,-0.003647195640951395,0.038665211061015725,0.0009422170915058814
852,-1.9843375,nan,nan,0.02186115551739931,0.02250436437316239,0.0011825919355032966
853,-1.7923625,nan,nan,-0.0001490614376962185,0.02113508083857596,0.0013648804451804608
854,-2.1766375,nan,nan,-0.0303700955118984,0.04681811458431184,0.0015106778882909566
855,-2.7796875,nan,nan,0.002700452459976077,0.03952723275870085,0.0014394767495105043
856,-2.1902375000000003,nan,nan,0.0160622491966933,0.032566664507612586,0.0016178193764062598
857,-2.585175,nan,nan,-0.008061695843935013,0.020677559659816325,0.0013723903393838555
858,-1.7796,nan,nan,0.009316874900832772,0.038995909271761775,0.0015297863283194602
859,-2.9844125000000004,nan,nan,-0.004254288272932172,0.03620508499443531,0.0016517478943569586
860,-1.1869,-2.3475850000000027,0.26896024896813425,-0.004835501546040177,0.023577231680974364,0.0019059874903177842
861,-2.184225,nan,nan,0.007472238037735224,0.016816152492538095,0.0018428658368065953
862,-2.387375,nan,nan,-0.0017077308148145676,0.042419493198394775,0.0016349311918020248
863,-2.9971125,nan,nan,0.00918659963645041,0.024966121651232243,0.0014850065053906292
864,-2.79895,nan,nan,0.006332834251224995,0.03142995946109295,0.0015863133885432035
865,-2.5939625000000004,nan,nan,0.0023524544667452574,0.022849988657981157,0.0015302241663448513
866,-3.1815375,nan,nan,-0.0009964127093553543,0.0610620123334229,0.0013155711349099874
867,-2.2851375000000003,nan,nan,-0.028478809166699648,0.01804971054662019,0.0012627076503122225
868,-0.9944000000000001,nan,nan,0.019670292967930436,0.03583247680217028,0.0014157308323774487
869,-2.7845125000000004,nan,nan,-0.006243346957489848,0.029134525218978524,0.0012942007888341323
870,-2.18895,nan,nan,-0.024073604959994555,0.04495565057732165,0.0014341622299980372
871,-2.2922875,nan,nan,-0.027089876122772694,0.034482451970689,0.0014421872328966856
872,-1.7941125000000002,nan,nan,-0.011419251095503569,0.036486589815467596,0.0017375271127093583
873,-2.791925,nan,nan,0.009777246741577983,0.05853998055681586,0.001837921648984775
874,-2.3873625,nan,nan,0.01936632883735001,0.04555443814024329,0.00194725624169223
875,-2.1920125,nan,nan,0.021309777162969112,0.021882716566324234,0.002006839378736913
876,-2.989325,nan,nan,1.0365271009504795e-05,0.0533030282240361,0.001807117005228065
877,-1.184325,nan,nan,-0.013890563976019621,0.03170082927681506,0.0021438300900626928
878,-2.791725,nan,nan,-0.024962111841887236,0.06271966453641653,0.0021016739192418754
879,-2.59255,nan,nan,0.03445622231811285,0.014449385227635503,0.0020919361122651026
880,-2.3948625000000003,-1.831707500000001,0.7152713876826791,0.03065692726522684,0.01608289242722094,0.0018138493760488927
881,-2.3822750000000004,nan,nan,-0.03687743912450969,0.03424307890236378,0.0015731898893136531
882,-2.9920875000000002,nan,nan,0.009162040892988443,0.045029664412140846,0.0015331916511058807
883,-1.9865375,nan,nan,-0.002748703584074974,0.04138262616470456,0.0016827371291583404
884,-1.9941375000000001,nan,nan,0.00436236965470016,0.02577156969346106,0.0017359078774461523
885,-2.9852875,nan,nan,-0.019584278808906674,0.04310923954471946,0.011746810472686775
886,-2.5946875,nan,nan,0.016291142674162984,0.026929683168418705,0.02269921799597796
887,-2.5840375,nan,nan,-0.019915387500077486,0.0919195981696248,0.0005596872324531432
888,-1.9846875000000002,nan,nan,-0.00035759713500738144,0.026616500574164093,0.0001897449510579463
889,-1.9890375000000002,nan,nan,-0.006947849993593991,0.02390709286555648,0.00013493161350197624
890,-2.98695,nan,nan,-0.012568768346682191,0.0329581240657717,0.00011177130454598228
891,-2.1896875000000002,nan,nan,-0.01298866793513298,0.026525273686274886,0.00013172875515010674
892,-4.105812500000001,nan,nan,0.004796434426680207,0.07076118420809507,0.00012934370533912443
893,-2.5949875000000002,nan,nan,0.029027285985648632,0.07322221528738737,0.0001534846014692448
894,-2.187475,nan,nan,-0.02903303550556302,0.06473466730676591,0.00019682201127579901
895,-2.4920125000000004,nan,nan,-0.012591728940606117,0.025584011571481824,0.00022174435798660852
896,-1.5896000000000001,nan,nan,0.026427003787830472,0.04467801365535706,0.0002611413219710812
897,-1.3818125,nan,nan,0.0027347271097823977,0.05182518844958395,0.0002880434003600385
898,-2.3967500000000004,nan,nan,0.0033738960046321154,0.012586202006787062,0.00033401641849195585
899,-1.792,nan,nan,0.024159900844097137,0.017725229961797595,0.0003601448370318394
900,-2.8837,-1.5480399999999985,0.5120249543113111,-0.005797965684905648,0.042718019569292665,0.0003439367501414381
901,-2.19125,nan,nan,0.013164969393983483,0.016616501845419407,0.00037709065145463683
902,-2.3864625000000004,nan,nan,-0.027245427016168833,0.022433234378695488,0.00040402711601927876
903,-2.3019125000000003,nan,nan,-0.014993604854680598,0.01400509278755635,0.00044748567233909853
904,-1.3843125,nan,nan,-0.009703840129077435,0.023485996294766665,0.0004928863745590206
905,-2.1868000000000003,nan,nan,-0.007461328059434891,0.024101802380755544,0.000531008787220344
906,-0.9869875000000001,nan,nan,0.0367127024801448,0.04715582000790164,0.0006458682764787227
907,-3.3956000000000004,nan,nan,0.016928526805713773,0.06384664343204349,0.0006850635254522786
908,-2.3851750000000003,nan,nan,-0.010179542936384678,0.032050741370767355,0.0008786116886767559
909,-1.1843125,nan,nan,-0.01782720535993576,0.031889615464024246,0.0010583420807961375
910,-1.9893250000000002,nan,nan,0.003701490815728903,0.04273343877866864,0.0010203805577475578
911,-0.9895875000000001,nan,nan,-0.014101314591243863,0.02528947964310646,0.0014067611773498356
912,-2.5871000000000004,nan,nan,0.044083787593990564,0.03646005806513131,0.001736621605232358
913,-2.19625,nan,nan,-0.026544367894530296,0.02808486786670983,0.0026307186053600162
914,-1.7875625000000002,nan,nan,-0.011791308410465717,0.025025624549016356,0.011359950120095164
915,-2.3919125,nan,nan,0.00559695647098124,0.0365295629017055,0.01783206732943654
916,-1.9915375000000002,nan,nan,-0.0002698649186640978,0.053305961191654205,0.009143486560788006
917,-1.9848875000000001,nan,nan,-0.028986202785745263,0.041478040628135204,0.005602623685263097
918,-1.8823875,nan,nan,0.012303267605602741,0.034002231899648905,0.003838036267552525
919,-1.384225,nan,nan,0.010107427602633834,0.03080656472593546,0.0030787094437982887
920,-2.1848,-2.348197500000002,0.4775814707591803,-0.007740972563624382,0.014133109943941236,0.002618464088300243
921,-2.1845875,nan,nan,-0.005305110942572355,0.021921757492236793,0.0019993041059933603
922,-2.5955250000000003,nan,nan,-0.005140238208696246,0.022776836063712835,0.0017436922644264996
923,-1.9875500000000001,nan,nan,-0.013241559034213424,0.015593787538819015,0.0017014112090691924
924,-1.9871,nan,nan,0.003029002109542489,0.025432507041841745,0.0018004114244831726
925,-1.7842000000000002,nan,nan,0.02137169288471341,0.02637797547504306,0.002002975656068884
926,-2.1875625000000003,nan,nan,-0.02027584332972765,0.06703896122053266,0.0020629363134503365
927,-1.7919125000000002,nan,nan,0.008460303070023656,0.024191377917304635,0.0023826326651033014
928,-2.3817375000000003,nan,nan,0.0042554582469165325,0.012245491496287286,0.0023517135705333203
929,-2.1793875000000003,nan,nan,-0.012474243063479662,0.02468549134209752,0.0024739243963267654
930,-1.3863500000000002,nan,nan,-0.021269370336085558,0.014978078193962574,0.0023873944592196494
931,-2.194875,nan,nan,-0.012393374578095973,0.029019538778811693,0.0021040119463577867
932,-2.38655,nan,nan,-0.011619362281635404,0.035053657134994864,0.0020624767639674246
933,-1.5841375000000002,nan,nan,-0.00023850705474615097,0.005650913924910128,0.002343708445550874
934,-2.794325,nan,nan,-0.012775960844010115,0.04623685823753476,0.0020005633850814775
935,-1.9925625000000002,nan,nan,0.05260948813520372,0.026986131677404046,0.0018065853219013661
936,-2.387,nan,nan,0.00549290981143713,0.014861010247841477,0.0016584660043008626
937,-1.7845125000000002,nan,nan,-0.023640543455258012,0.02099695918150246,0.0016721055144444108
938,-2.184975,nan,nan,-0.010221146047115326,0.03312613698653877,0.009920873926603235
939,-1.7813625000000002,nan,nan,0.0051970831118524075,0.02742316504009068,0.08326650643721223
940,-3.1894375000000004,-2.2305650000000012,0.4108414231336735,0.02376924967393279,0.03037380811292678,0.07771045668050647
941,-1.7817250000000002,nan,nan,0.006177508970722556,0.030941995908506215,0.025254145031794906
942,-1.9869125,nan,nan,0.01427312707528472,0.01668814499862492,0.008253137581050396
943,-1.9895125000000002,nan,nan,0.0021122493781149387,0.011676209571305662,0.0029697277932427824
944,-2.3873,nan,nan,-0.0005393228493630886,0.014890013262629509,0.002163345372537151
945,-1.789125,nan,nan,-0.025973185431212187,0.013208490039687604,0.0018097098800353706
946,-1.7895250000000003,nan,nan,0.008845478994771838,0.018115881423000246,0.001473836979130283
947,-2.5946125,nan,nan,0.008540208218619227,0.03602161165326834,0.0013600108359241858
948,-2.9900875000000005,nan,nan,0.0124022604431957,0.04006409738212824,0.0013883505889680237
949,-1.9835875,nan,nan,0.034532235004007816,0.010940594016574323,0.0015855045494390652
950,-2.1946000000000003,nan,nan,0.02493628184311092,0.029870382510125637,0.0018117658619303256
951,-1.7917125,nan,nan,-0.014284553937613964,0.01568899879930541,0.0020129787735641003
952,-2.3972,nan,nan,-0.009479204192757607,0.020542040234431624,0.0021224599186098203
953,-1.7940375000000002,nan,nan,0.012179899029433727,0.02105884626507759,0.002397319214651361
954,-2.7974625000000004,nan,nan,0.01828481280244887,0.021786562399938703,0.002801483846269548
955,-1.9871,nan,nan,-0.009308017324656248,0.017536623519845307,0.0043382802978158
956,-3.287125,nan,nan,7.347483187913895e-05,0.04058543499559164,0.0038015231548342854
957,-1.9793125000000003,nan,nan,-0.007829373236745596,0.03280180669389665,0.0035264532489236444
958,-1.3893125000000002,nan,nan,0.021027563139796257,0.027857703622430563,0.003511235205223784
959,-2.1874875,nan,nan,-0.0024967221543192863,0.026161302579566836,0.0035207215405534953
960,-1.5899625000000002,-2.11602,0.41635025809107007,0.0047381045296788216,0.03134087746730074,0.004439758398802951
961,-1.5868125000000002,nan,nan,0.01435860339552164,0.04524828656576574,0.005114267230965197
962,-2.7869,nan,nan,0.0015897727571427822,0.033488932996988297,0.005631740787066519
963,-2.2972125,nan,nan,0.003834106493741274,0.032026437344029546,0.00568712071981281
964,-1.7870125000000001,nan,nan,0.02911836141720414,0.014773451955989003,0.005996369756758213
965,-2.7991375,nan,nan,-0.016679467167705297,0.04491289285942912,0.0060851383022964
966,-2.1870125000000002,nan,nan,0.0020253935363143682,0.026005743304267526,0.009625929058529437
967,-1.7847750000000002,nan,nan,0.030658916337415576,0.03279726207256317,0.019793150713667274
968,-1.9872875,nan,nan,-0.01995454030111432,0.05023793177679181,0.026703770738095045
969,-1.786925,nan,nan,-0.012629141099750996,0.014801817713305354,0.014849141472950578
970,-2.594625,nan,nan,0.0055599519982934,0.05123338894918561,0.004412338079418987
971,-3.9952750000000004,nan,nan,-0.016535258619114757,0.09084934229031205,0.0025969665439333767
972,-2.6016375000000003,nan,nan,0.01079861680045724,0.040264474926516414,0.0025081059720832855
973,-2.1891375,nan,nan,0.0034492667764425278,0.03198490268550813,0.0027378392114769667
974,-2.5869250000000004,nan,nan,0.007476864731870592,0.02511556656099856,0.0028201057866681367
975,-1.7845125000000002,nan,nan,0.013237950392067432,0.01594407216180116,0.0033645395014900714
976,-2.386725,nan,nan,0.0019324405584484339,0.025476764189079404,0.0039268636028282344
977,-1.9895000000000003,nan,nan,0.031078853644430637,0.030051404028199613,0.004070403461810201
978,-1.9872750000000001,nan,nan,0.00040166336111724377,0.026387130026705563,0.004513415915425867
979,-1.5971000000000002,nan,nan,-0.015175276435911655,0.03168968576937914,0.004693625727668405
980,-2.3847125,-2.849017500000003,0.34534965348542135,-0.00039698928594589233,0.01536870130803436,0.0043769641779363155
981,-1.4846000000000001,nan,nan,0.0006924427580088377,0.020221496699377894,0.003903125674696639
982,-2.5943375000000004,nan,nan,0.0008718878962099552,0.017596722929738462,0.003242378035793081
983,-2.192825,nan,nan,0.032382559729740024,0.01727097702678293,0.0029007971461396664
984,-2.4912625000000004,nan,nan,-0.01243114098906517,0.01569115708116442,0.0030665601370856166
985,-2.989425,nan,nan,0.019470165949314833,0.049938593059778214,0.003165608737617731
986,-2.2995125,nan,nan,-0.017850243020802736,0.03180737607181072,0.0037010762898717076
987,-2.3943250000000003,nan,nan,-0.005535821313969791,0.019636380020529032,0.004301822918932885
988,-1.7853375000000002,nan,nan,-0.009166678413748741,0.019008898176252842,0.004978389071766287
989,-2.1924625,nan,nan,0.006356159457936883,0.03125113993883133,0.005476967082358897
990,-2.5897875000000004,nan,nan,0.016082534333691,0.017342929262667894,0.005827627668622881
991,-2.7969375000000003,nan,nan,-0.02482667751610279,0.05727675976231694,0.005922748532611877
992,-2.7947,nan,nan,-0.02292905980721116,0.033574184868484735,0.005702687078155577
993,-2.3895875,nan,nan,0.048607931938022375,0.03202350111678243,0.00656928337411955
994,-2.5818125000000003,nan,nan,0.0040133066941052675,0.02431262971367687,0.006696485681459308
995,-1.281825,nan,nan,-0.015543420799076557,0.021600509877316654,0.007990211306605488
996,-2.6997875000000002,nan,nan,0.03977827914059162,0.03189719910733402,0.008164195052813739
997,-2.38905,nan,nan,0.03536038869060576,0.025302052032202482,0.008746500127017498
998,-2.5898875,nan,nan,0.008308453252539039,0.029601885937154293,0.007408673467580229
999,-2.1973000000000003,-2.3130549999999994,0.7982499732461638,0.0028682565316557884,0.03977050352841616,0.007824552070815116
